0.0000000000	0.0000000000	0.0000000000	0.0000000000	0.0000000000	1.0000000000	1451.7704968095	0.0000000000	0.0000000000	0.0000000000	1548.5551966016	0.0000000000	0.0000000000	0.0000000000	0.0106666667	0.0100000000	1920	1080	0.0000000000	0.0000000000	15.4855519660	66.9502621270	1.0000000000	0.0000000000	0.0000000000	0.0000000000	1.0000000000	0.0000000000	
0.0000000000	0.0000000000	0.0000000000	0.0041538789	-0.0003613635	0.9999913073	1451.4374157014	-0.5049730101	-6.0293301026	0.5409572269	1548.2131668538	0.5572254755	0.0000000000	0.0000000000	0.0106666667	0.0100000000	1920	1080	-0.0000000000	-0.0000000000	15.4821336164	66.9619019128	0.9999913116	-0.0003479093	-0.0041540046	0.0003494074	0.9999998742	0.0003599152	
0.0000000000	0.0000000000	0.0000000000	0.0051079882	-0.0004135338	0.9999868686	1452.2990150594	0.2473049643	-7.4183213332	-0.2605162566	1549.1390262359	0.6419604315	0.0000000000	0.0000000000	0.0106666667	0.0100000000	1920	1080	0.0000000000	-0.0000000000	15.4913918115	66.9303852010	0.9999869400	0.0001702829	-0.0051079181	-0.0001681684	0.9999999000	0.0004143982	
0.0000000000	0.0000000000	0.0000000000	0.0073649288	-0.0002496021	0.9999728474	1451.5127373391	-0.8777657382	-10.6907973535	0.9391043738	1548.3221994129	0.3795583959	0.0000000000	0.0000000000	0.0106666667	0.0100000000	1920	1080	-0.0000000000	0.0000000000	15.4832253073	66.9581842189	0.9999726946	-0.0006047083	-0.0073650786	0.0006065302	0.9999997860	0.0002451417	
0.0000000000	0.0000000000	0.0000000000	0.0115050622	-0.0004288422	0.9999337226	1451.8200573111	-0.9664772951	-16.7048016981	1.0384820944	1548.7104258908	0.6522478145	0.0000000000	0.0000000000	0.0106666667	0.0100000000	1920	1080	0.0000000000	-0.0000000000	15.4871091141	66.9449610837	0.9999335898	-0.0006656563	-0.0115053462	0.0006705461	0.9999996865	0.0004211553	
0.0000000000	0.0000000000	0.0000000000	0.0129678897	-0.0004664678	0.9999158046	1451.7760494320	-0.8098353825	-18.8284347437	0.8731200604	1548.6911803778	0.7111519226	0.0000000000	0.0000000000	0.0106666667	0.0100000000	1920	1080	0.0000000000	-0.0000000000	15.4869158978	66.9456188152	0.9999157544	-0.0005577769	-0.0129681493	0.0005637792	0.9999997356	0.0004591953	
0.0000000000	0.0000000000	0.0000000000	0.0151439702	-0.0002968864	0.9998852794	1451.5677281154	-1.7054107889	-21.9855269391	1.8258585045	1548.5164283846	0.4321323537	0.0000000000	0.0000000000	0.0106666667	0.0100000000	1920	1080	0.0000000000	0.0000000000	15.4851756512	66.9515433375	0.9998846283	-0.0011747396	-0.0151443092	0.0011791009	0.9999992659	0.0002790620	
0.0000000000	0.0000000000	0.0000000000	0.0190865727	-0.0013110657	0.9998169752	1451.8241218562	-1.5656667773	-27.7174723069	1.7085009583	1548.8932624598	1.9984571551	0.0000000000	0.0000000000	0.0106666667	0.0100000000	1920	1080	-0.0000000000	-0.0000000000	15.4889549399	66.9386782478	0.9998172263	-0.0010782164	-0.0190879914	0.0011030447	0.9999985593	0.0012902466	
0.0000000000	0.0000000000	0.0000000000	0.0203727663	-0.0009526459	0.9997919998	1451.3354447838	-1.6525358081	-29.5754438903	1.7923914713	1548.4118403505	1.4388714364	0.0000000000	0.0000000000	0.0106666667	0.0100000000	1920	1080	0.0000000000	-0.0000000000	15.4841354630	66.9550850125	0.9997917835	-0.0011383941	-0.0203738467	0.0011575664	0.9999988983	0.0009292553	
0.0000000000	0.0000000000	0.0000000000	0.0238070447	-0.0016742697	0.9997151702	1457.0922988968	-1.7255930591	-34.7018347577	1.9020819102	1554.6703185738	2.5583832344	0.0000000000	0.0000000000	0.0106666667	0.0100000000	1920	1080	0.0000000000	0.0000000000	15.5467358719	66.7425287451	0.9997158235	-0.0011839351	-0.0238090431	0.0012234606	0.9999978976	0.0016456080	
0.0000000000	0.0000000000	0.0000000000	0.0283208915	-0.0011171926	0.9995982588	1451.2367222092	-3.0837234978	-41.1202825555	3.3369855086	1548.6061479301	1.6362422660	0.0000000000	0.0000000000	0.0106666667	0.0100000000	1920	1080	0.0000000000	0.0000000000	15.4861060766	66.9483756676	0.9995965605	-0.0021240362	-0.0283232173	0.0021548254	0.9999971202	0.0010565873	
0.0000000000	0.0000000000	0.0000000000	0.0295282428	-0.0018817380	0.9995621751	1443.6386038938	-2.6802162594	-42.6518287384	2.9432558528	1540.5503749981	2.8132347514	0.0000000000	0.0000000000	0.0106666667	0.0100000000	1920	1080	-0.0000000000	-0.0000000000	15.4055575522	67.2235902807	0.9995621205	-0.0018557571	-0.0295317348	0.0019105156	0.9999965076	0.0018261168	
0.0000000000	0.0000000000	0.0000000000	0.0340236331	-0.0011858864	0.9994203250	1449.7292210953	-3.1147888238	-49.3573601588	3.3829498471	1547.2727104599	1.7207869432	0.0000000000	0.0000000000	0.0106666667	0.0100000000	1920	1080	-0.0000000000	-0.0000000000	15.4727736557	66.9937917219	0.9994186371	-0.0021472824	-0.0340261236	0.0021863888	0.9999969914	0.0011121386	
0.0000000000	0.0000000000	0.0000000000	0.0380032232	-0.0010523770	0.9992770624	1451.6431504784	-1.7327729439	-55.2088546975	1.9089288372	1549.5379387317	1.5592798636	0.0000000000	0.0000000000	0.0106666667	0.0100000000	1920	1080	-0.0000000000	0.0000000000	15.4953989911	66.9167521034	0.9992768572	-0.0011928000	-0.0380044715	0.0012319327	0.9999987349	0.0010062857	
0.0000000000	0.0000000000	0.0000000000	0.0398488283	-0.0009542149	0.9992052644	1452.9977365073	-2.1051408840	-57.9483196348	2.3026805358	1551.0956374279	1.3894236373	0.0000000000	0.0000000000	0.0106666667	0.0100000000	1920	1080	0.0000000000	-0.0000000000	15.5109796895	66.8637905625	0.9992046172	-0.0014476736	-0.0398501850	0.0014845487	0.9999984969	0.0008957678	
0.0000000000	0.0000000000	0.0000000000	0.0454935580	-0.0016654767	0.9989632438	1452.6622255104	-3.1876999134	-66.1606747611	3.5142230475	1551.1104569293	2.4259789451	0.0000000000	0.0000000000	0.0106666667	0.0100000000	1920	1080	-0.0000000000	-0.0000000000	15.5111633501	66.8631667096	0.9989620629	-0.0021921072	-0.0454971589	0.0022656089	0.9999962104	0.0015640213	
0.0000000000	0.0000000000	0.0000000000	0.0503027232	-0.0022068977	0.9987315784	1452.6862118543	-2.6259653485	-73.1726814848	2.9697270814	1551.4926702873	3.2787590770	0.0000000000	0.0000000000	0.0106666667	0.0100000000	1920	1080	0.0000000000	0.0000000000	15.5149897696	66.8501715808	0.9987321824	-0.0018053700	-0.0503067430	0.0019141019	0.9999959351	0.0021132847	
0.0000000000	0.0000000000	0.0000000000	0.0519033969	-0.0024521065	0.9986490998	1452.3121564030	-2.3533211793	-75.4876811772	2.7042623086	1551.2195143741	3.6683506979	0.0000000000	0.0000000000	0.0106666667	0.0100000000	1920	1080	-0.0000000000	0.0000000000	15.5122620904	66.8594347559	0.9986505887	-0.0016182097	-0.0519074477	0.0017433062	0.9999956843	0.0023648071	
0.0000000000	0.0000000000	0.0000000000	0.0556675492	-0.0025238547	0.9984461699	1451.5472894792	-3.4109870013	-80.9384536647	3.8506280602	1550.7173087129	3.7051874268	0.0000000000	0.0000000000	0.0106666667	0.0100000000	1920	1080	0.0000000000	0.0000000000	15.5072651596	66.8764101770	0.9984462720	-0.0023462462	-0.0556734857	0.0024831123	0.9999940626	0.0023893236	
0.0000000000	0.0000000000	0.0000000000	0.0595624804	-0.0022891101	0.9982219547	1452.0429757343	-4.0765819043	-86.6506817953	4.5521989449	1551.5971276042	3.2864799568	0.0000000000	0.0000000000	0.0106666667	0.0100000000	1920	1080	-0.0000000000	-0.0000000000	15.5160728596	66.8464940454	0.9982202680	-0.0028024836	-0.0595688063	0.0029338603	0.9999934530	0.0021181133	
0.0000000000	0.0000000000	0.0000000000	0.0609658935	-0.0021428601	0.9981375496	1451.1300761257	-4.7522442501	-88.6447214039	5.2622364442	1550.7538378952	3.0078334971	0.0000000000	0.0000000000	0.0106666667	0.0100000000	1920	1080	0.0000000000	-0.0000000000	15.5076568312	66.8750793269	0.9981340818	-0.0032687469	-0.0609726992	0.0033933150	0.9999923617	0.0019395796	
0.0000000000	0.0000000000	0.0000000000	0.0654667516	-0.0018131538	0.9978531039	1451.1519363099	-4.5593666458	-95.2148866700	5.0370318880	1551.2211980547	2.4881864075	0.0000000000	0.0000000000	0.0106666667	0.0100000000	1920	1080	0.0000000000	0.0000000000	15.5123137154	66.8592594167	0.9978494679	-0.0031351380	-0.0654722098	0.0032471184	0.9999934417	0.0016040073	
0.0000000000	0.0000000000	0.0000000000	0.0685606673	-0.0020381124	0.9976448672	1450.4794995910	-5.4257027194	-99.6916878056	5.9905144893	1550.8249134420	2.7565338161	0.0000000000	0.0000000000	0.0106666667	0.0100000000	1920	1080	0.0000000000	-0.0000000000	15.5083893325	66.8725905067	0.9976394710	-0.0037317971	-0.0685679203	0.0038627574	0.9999909599	0.0017774469	
0.0000000000	0.0000000000	0.0000000000	0.0703715643	-0.0022722618	0.9975182604	1450.6267520963	-4.7617444457	-102.3476939962	5.3146536419	1551.1776442939	3.1585198113	0.0000000000	0.0000000000	0.0106666667	0.0100000000	1920	1080	0.0000000000	0.0000000000	15.5118996449	66.8606657883	0.9975149644	-0.0032743856	-0.0703787905	0.0034261785	0.9999920576	0.0020361915	
0.0000000000	0.0000000000	0.0000000000	0.0734328540	-0.0019486365	0.9972982597	1449.9361067719	-5.3752582446	-106.7718907907	5.9400483173	1550.7832753165	2.5927230746	0.0000000000	0.0000000000	0.0106666667	0.0100000000	1920	1080	0.0000000000	0.0000000000	15.5079681886	66.8740214077	0.9972928079	-0.0036972018	-0.0734396766	0.0038303202	0.9999912667	0.0016718651	
0.0000000000	0.0000000000	0.0000000000	0.0760188530	-0.0020580363	0.9971042566	1449.8833045078	-6.4776240208	-110.5519269480	7.1321454586	1551.0281014893	2.6575903902	0.0000000000	0.0000000000	0.0106666667	0.0100000000	1920	1080	0.0000000000	-0.0000000000	15.5104677618	66.8655295178	0.9970957777	-0.0044547113	-0.0760274011	0.0045982788	0.9999879599	0.0017134173	
0.0000000000	0.0000000000	0.0000000000	0.0777250606	-0.0019412655	0.9969729417	1449.1531069756	-7.3229130771	-112.9917614811	8.0214327516	1550.4519760210	2.3936182620	0.0000000000	0.0000000000	0.0106666667	0.0100000000	1920	1080	0.0000000000	-0.0000000000	15.5047457339	66.8849719823	0.9969614082	-0.0050378816	-0.0777339710	0.0051735339	0.9999854255	0.0015437972	
0.0000000000	0.0000000000	0.0000000000	0.0802871618	-0.0020775899	0.9967696099	1449.2424591359	-6.9406745127	-116.7471223758	7.6381931342	1550.8630781743	2.6172633262	0.0000000000	0.0000000000	0.0106666667	0.0100000000	1920	1080	-0.0000000000	0.0000000000	15.5088409603	66.8710560926	0.9967596077	-0.0047736553	-0.0802963060	0.0049250574	0.9999864478	0.0016875944	
0.0000000000	0.0000000000	0.0000000000	0.0834535160	-0.0016279708	0.9965103413	1448.5388743203	-6.4902488232	-121.3195919942	7.1094451446	1550.5157489017	1.9376478958	0.0000000000	0.0000000000	0.0106666667	0.0100000000	1920	1080	-0.0000000000	0.0000000000	15.5053325868	66.8829774974	0.9965011224	-0.0044648717	-0.0834600381	0.0045851613	0.9999887073	0.0012496655	
0.0000000000	0.0000000000	0.0000000000	0.0849112570	-0.0018084616	0.9963868766	1448.5439502387	-5.8181225045	-123.4542649631	6.4217207565	1550.7123616536	2.2673195031	0.0000000000	0.0000000000	0.0106666667	0.0100000000	1920	1080	0.0000000000	0.0000000000	15.5072731575	66.8763830005	0.9963799123	-0.0040019914	-0.0849179272	0.0041411025	0.9999903567	0.0014621007	
0.0000000000	0.0000000000	0.0000000000	0.0879445620	-0.0015621244	0.9961241458	1448.7098110523	-4.9303502855	-127.9096106002	5.4517884650	1551.3000295303	1.9514318932	0.0000000000	0.0000000000	0.0106666667	0.0100000000	1920	1080	-0.0000000000	0.0000000000	15.5131083658	66.8565605689	0.9961191714	-0.0033900622	-0.0879494391	0.0035143108	0.9999930336	0.0012579245	
0.0000000000	0.0000000000	0.0000000000	0.0906526149	-0.0011838423	0.9958818715	1447.6356018810	-5.8639023162	-131.7815881288	6.3954801420	1550.5284245085	1.2610071499	0.0000000000	0.0000000000	0.0106666667	0.0100000000	1920	1080	0.0000000000	0.0000000000	15.5054212697	66.8826761079	0.9958740334	-0.0040339627	-0.0906566967	0.0041246736	0.9999911628	0.0008132686	
0.0000000000	0.0000000000	0.0000000000	0.0915215393	-0.0013289562	0.9958022101	1447.6298503929	-6.0593495322	-133.0559055905	6.6247884072	1550.6458515017	1.4605607703	0.0000000000	0.0000000000	0.0106666667	0.0100000000	1920	1080	0.0000000000	-0.0000000000	15.5066069075	66.8786469388	0.9957939324	-0.0041680983	-0.0915263411	0.0042722360	0.9999904304	0.0009418958	
0.0000000000	0.0000000000	0.0000000000	0.0941315458	-0.0008879110	0.9955593723	1447.2784933969	-6.9038061847	-136.8483844564	7.4609686726	1550.6489795720	0.6775343724	0.0000000000	0.0000000000	0.0106666667	0.0100000000	1920	1080	0.0000000000	0.0000000000	15.5066707676	66.8784299343	0.9955481415	-0.0047489626	-0.0941347194	0.0048114575	0.9999883294	0.0004369309	
0.0000000000	0.0000000000	0.0000000000	0.0967457080	-0.0010057839	0.9953086237	1446.3705938775	-7.1292133239	-140.5969105543	7.7196561174	1550.0664243091	0.8160164939	0.0000000000	0.0000000000	0.0106666667	0.0100000000	1920	1080	0.0000000000	-0.0000000000	15.5008586173	66.8981854351	0.9952966724	-0.0049058535	-0.0967495038	0.0049801474	0.9999874604	0.0005264331	
0.0000000000	0.0000000000	0.0000000000	0.0981934928	-0.0009560592	0.9951668824	1446.3708539993	-7.6871129839	-142.7213444584	8.3055043433	1550.2876596833	0.6698578455	0.0000000000	0.0000000000	0.0106666667	0.0100000000	1920	1080	-0.0000000000	0.0000000000	15.5031005218	66.8905639793	0.9951529215	-0.0052889983	-0.0981971965	0.0053573183	0.9999855561	0.0004320799	
0.0000000000	0.0000000000	0.0000000000	0.1014755588	-0.0012951530	0.9948371895	1445.1627494432	-9.6903168949	-147.4223617029	10.4866369435	1549.5055088163	0.9476016080	0.0000000000	0.0000000000	0.0106666667	0.0100000000	1920	1080	0.0000000000	-0.0000000000	15.4954128353	66.9167050117	0.9948150134	-0.0066705793	-0.1014819810	0.0067675751	0.9999769127	0.0006115369	
0.0000000000	0.0000000000	0.0000000000	0.1043259490	-0.0014918223	0.9945420408	1445.1212320134	-11.9765238606	-151.6089865016	12.9464854949	1549.9206086666	0.9668286837	0.0000000000	0.0000000000	0.0106666667	0.0100000000	1920	1080	0.0000000000	-0.0000000000	15.4997498025	66.9019554686	0.9945080838	-0.0082420419	-0.1043347501	0.0083527061	0.9999649210	0.0006237705	
0.0000000000	0.0000000000	0.0000000000	0.1059122431	-0.0014026137	0.9943744915	1444.0488506218	-12.9132724280	-153.8259141792	13.9268128397	1549.0318818412	0.7016203007	0.0000000000	0.0000000000	0.0106666667	0.0100000000	1920	1080	-0.0000000000	-0.0000000000	15.4909464506	66.9319006968	0.9943348387	-0.0088917467	-0.1059205618	0.0089902918	0.9999594839	0.0004529228	
0.0000000000	0.0000000000	0.0000000000	0.1093255223	-0.0016299082	0.9940046648	1443.9301033577	-13.0862537060	-158.8319931225	14.1511240514	1549.4801588711	0.9843328140	0.0000000000	0.0000000000	0.0106666667	0.0100000000	1920	1080	-0.0000000000	0.0000000000	15.4954509000	66.9165755326	0.9939640480	-0.0090082378	-0.1093358262	0.0091324377	0.9999580966	0.0006352399	
0.0000000000	0.0000000000	0.0000000000	0.1128957564	-0.0014667978	0.9936057552	1443.9490463284	-13.4454978194	-164.0846389918	14.5068831942	1550.1232448318	0.6400443451	0.0000000000	0.0000000000	0.0106666667	0.0100000000	1920	1080	-0.0000000000	0.0000000000	15.5019125707	66.8946022818	0.9935627679	-0.0092516741	-0.1129045298	0.0093581248	0.9999561266	0.0004128809	
0.0000000000	0.0000000000	0.0000000000	0.1139374531	-0.0022140990	0.9934854576	1443.5623557651	-13.3783487892	-165.5841441487	14.5683356386	1549.8927395360	1.7833546820	0.0000000000	0.0000000000	0.0106666667	0.0100000000	1920	1080	0.0000000000	0.0000000000	15.4996223206	66.9023889384	0.9934434622	-0.0092068300	-0.1139531554	0.0093991552	0.9999551650	0.0011505794	
0.0000000000	0.0000000000	0.0000000000	0.1176084798	-0.0020733581	0.9930578768	1442.7911303425	-12.8511169362	-170.8975080460	13.9906502822	1549.7323655300	1.5786905774	0.0000000000	0.0000000000	0.0106666667	0.0100000000	1920	1080	0.0000000000	-0.0000000000	15.4979632060	66.9080307888	0.9930190085	-0.0088449417	-0.1176223435	0.0090274122	0.9999587332	0.0010186439	
0.0000000000	0.0000000000	0.0000000000	0.1211537135	-0.0025750960	0.9926304179	1441.7779510042	-13.6289823879	-176.0089612554	14.9139012790	1549.3085752825	2.1989490698	0.0000000000	0.0000000000	0.0106666667	0.0100000000	1920	1080	-0.0000000000	-0.0000000000	15.4938191589	66.9221263719	0.9925870861	-0.0093828262	-0.1211727658	0.0096257102	0.9999526646	0.0014192428	
0.0000000000	0.0000000000	0.0000000000	0.1229129358	-0.0026210846	0.9924139963	1441.3899622523	-13.3840918447	-178.5550721851	14.6672725644	1549.2291209064	2.2751221810	0.0000000000	0.0000000000	0.0106666667	0.0100000000	1920	1080	0.0000000000	0.0000000000	15.4930022079	66.9249057724	0.9923723019	-0.0092147180	-0.1229321090	0.0094670306	0.9999541084	0.0014684837	
0.0000000000	0.0000000000	0.0000000000	0.1248625921	-0.0019936773	0.9921720407	1441.1105676802	-14.4831463845	-181.3895859287	15.7134988784	1549.3102791380	1.1356865941	0.0000000000	0.0000000000	0.0106666667	0.0100000000	1920	1080	0.0000000000	-0.0000000000	15.4939037846	66.9218384728	0.9921222094	-0.0099708180	-0.1248763563	0.0101417300	0.9999483027	0.0007329893	
0.0000000000	0.0000000000	0.0000000000	0.1282780536	-0.0023882650	0.9917353665	1440.3983355267	-15.9893086372	-186.3497943157	17.3890299208	1549.2251307616	1.4815738923	0.0000000000	0.0000000000	0.0106666667	0.0100000000	1920	1080	-0.0000000000	-0.0000000000	15.4932342628	66.9241162631	0.9916747305	-0.0110082003	-0.1282967201	0.0112236281	0.9999365558	0.0009562715	
0.0000000000	0.0000000000	0.0000000000	0.1295425349	-0.0025827804	0.9915705022	1440.7915440971	-15.5602621460	-188.2710076369	16.9763836002	1549.9045318125	1.8192345631	0.0000000000	0.0000000000	0.0106666667	0.0100000000	1920	1080	-0.0000000000	-0.0000000000	15.4999856934	66.9011533949	0.9915133756	-0.0107081473	-0.1295629636	0.0109525157	0.9999393306	0.0011737008	
0.0000000000	0.0000000000	0.0000000000	0.1306430840	-0.0031619789	0.9914244230	1440.3446956942	-16.4459693139	-189.8511580427	18.0322570683	1549.6486929291	2.5661732774	0.0000000000	0.0000000000	0.0106666667	0.0100000000	1920	1080	-0.0000000000	0.0000000000	15.4975572883	66.9094112474	0.9913611848	-0.0113194402	-0.1306708523	0.0116355479	0.9999309337	0.0016558566	
0.0000000000	0.0000000000	0.0000000000	0.1341673968	-0.0030006413	0.9909541391	1439.5552163512	-15.7683605120	-194.9522016776	17.2914173200	1549.5353914687	2.3509214994	0.0000000000	0.0000000000	0.0106666667	0.0100000000	1920	1080	-0.0000000000	-0.0000000000	15.4963365005	66.9135632475	0.9908958573	-0.0108539102	-0.1341923719	0.0111583904	0.9999365924	0.0015170821	
0.0000000000	0.0000000000	0.0000000000	0.1353648975	-0.0026941858	0.9907921507	1439.0632088781	-16.3604001333	-196.6534772895	17.8555488388	1549.2613434856	1.7733117285	0.0000000000	0.0000000000	0.0106666667	0.0100000000	1920	1080	0.0000000000	-0.0000000000	15.4936524928	66.9226933804	0.9907287884	-0.0112633825	-0.1353868684	0.0115244284	0.9999329365	0.0011445408	
0.0000000000	0.0000000000	0.0000000000	0.1376414958	-0.0021356622	0.9904798118	1439.0099604004	-15.7630645732	-200.0052354381	17.1094835690	1549.6952901676	0.9638264969	0.0000000000	0.0000000000	0.0106666667	0.0100000000	1920	1080	-0.0000000000	0.0000000000	15.4979003602	66.9082445133	0.9904205874	-0.0108491700	-0.1376566585	0.0110398720	0.9999388654	0.0006219078	
0.0000000000	0.0000000000	0.0000000000	0.1406178862	-0.0012013136	0.9900632136	1438.3351211613	-16.2160975822	-204.3052628176	17.3870894705	1549.6231109268	-0.5892072512	0.0000000000	0.0000000000	0.0106666667	0.0100000000	1920	1080	-0.0000000000	-0.0000000000	15.4972076322	66.9106004100	0.9900003702	-0.0111614758	-0.1406225036	0.0112194983	0.9999369872	-0.0003802022	
0.0000000000	0.0000000000	0.0000000000	0.1420515123	-0.0012158137	0.9898585200	1438.3381360708	-16.2562711529	-206.4313918364	17.4318833361	1549.9468267266	-0.5978417376	0.0000000000	0.0000000000	0.0106666667	0.0100000000	1920	1080	0.0000000000	-0.0000000000	15.5004496504	66.8995759022	0.9897953800	-0.0111867868	-0.1420561917	0.0112460501	0.9999366868	-0.0003856932	
0.0000000000	0.0000000000	0.0000000000	0.1433045018	-0.0013698561	0.9896776967	1437.2556102986	-17.5362420068	-208.1376816650	18.8163693542	1549.0633479333	-0.5804683347	0.0000000000	0.0000000000	0.0106666667	0.0100000000	1920	1080	0.0000000000	-0.0000000000	15.4917773306	66.9290733870	0.9896041095	-0.0120743569	-0.1433105591	0.0121460365	0.9999261640	-0.0003746945	
0.0000000000	0.0000000000	0.0000000000	0.1468334784	-0.0009267077	0.9891607912	1437.4314961161	-16.4982592524	-213.3913489817	17.6183280786	1550.0627946881	-1.1631125461	0.0000000000	0.0000000000	0.0106666667	0.0100000000	1920	1080	-0.0000000000	0.0000000000	15.5016335455	66.8955508581	0.9890959285	-0.0113524443	-0.1468344857	0.0113654655	0.9999351295	-0.0007503161	
0.0000000000	0.0000000000	0.0000000000	0.1477214480	-0.0007974052	0.9890286841	1436.2258869622	-15.8723142474	-214.5276752184	16.9271888553	1548.9695337141	-1.2793891090	0.0000000000	0.0000000000	0.0106666667	0.0100000000	1920	1080	-0.0000000000	0.0000000000	15.4906254972	66.9329928903	0.9889686377	-0.0109294932	-0.1477212914	0.0109273760	0.9999399534	-0.0008259118	
0.0000000000	0.0000000000	0.0000000000	0.1508635148	-0.0010982136	0.9885539914	1436.0215428952	-15.0134699668	-219.1683481071	16.0878072718	1549.4926242533	-0.7337882456	0.0000000000	0.0000000000	0.0106666667	0.0100000000	1920	1080	-0.0000000000	-0.0000000000	15.4957631261	66.9155134982	0.9885000822	-0.0103346752	-0.1508667688	0.0103820684	0.9999459927	-0.0004735412	
0.0000000000	0.0000000000	0.0000000000	0.1528769212	-0.0015706210	0.9882439882	1435.1324166315	-15.1253866343	-222.0325994844	16.3160549098	1549.0182860315	-0.0621582923	0.0000000000	0.0000000000	0.0106666667	0.0100000000	1920	1080	-0.0000000000	-0.0000000000	15.4910421469	66.9315750516	0.9881891073	-0.0104148873	-0.1528849838	0.0105325741	0.9999445301	-0.0000401253	
0.0000000000	0.0000000000	0.0000000000	0.1546428711	-0.0014572408	0.9879693613	1434.6501712304	-14.4827463509	-224.5813838665	15.6114974152	1548.9283449177	-0.1589575000	0.0000000000	0.0000000000	0.0106666667	0.0100000000	1920	1080	-0.0000000000	0.0000000000	15.4900702445	66.9348824702	0.9879190293	-0.0099730101	-0.1546497029	0.0100783903	0.9999492065	-0.0001026190	
0.0000000000	0.0000000000	0.0000000000	0.1556216793	-0.0011950718	0.9878160075	1434.1677019977	-13.7411742798	-225.9570670107	14.7667059690	1548.6481405229	-0.4527905801	0.0000000000	0.0000000000	0.0106666667	0.0100000000	1920	1080	0.0000000000	0.0000000000	15.4871860703	66.9446991188	0.9877707126	-0.0094641160	-0.1556259932	0.0095347895	0.9999545001	-0.0002923647	
0.0000000000	0.0000000000	0.0000000000	0.1586178693	-0.0015105868	0.9873388930	1433.2684153614	-13.5053749848	-230.2779570307	14.5943859603	1548.4243728173	0.0244081029	0.0000000000	0.0000000000	0.0106666667	0.0100000000	1920	1080	-0.0000000000	-0.0000000000	15.4849314982	66.9523746098	0.9872950637	-0.0093030656	-0.1586250613	0.0094248954	0.9999555846	0.0000157625	
0.0000000000	0.0000000000	0.0000000000	0.1592073877	-0.0013639875	0.9872442186	1433.5145061751	-12.5996756795	-231.1923242679	13.6045871113	1548.8388635378	-0.0540432551	0.0000000000	0.0000000000	0.0106666667	0.0100000000	1920	1080	-0.0000000000	0.0000000000	15.4889861286	66.9385720964	0.9872060878	-0.0086769101	-0.1592132266	0.0087833942	0.9999614246	-0.0000348914	
0.0000000000	0.0000000000	0.0000000000	0.1619201181	-0.0013241325	0.9868029804	1432.5613077234	-13.1821951091	-235.0803105248	14.2074740391	1548.5013329527	-0.2533989710	0.0000000000	0.0000000000	0.0106666667	0.0100000000	1920	1080	0.0000000000	0.0000000000	15.4856652898	66.9498763105	0.9867612184	-0.0090800155	-0.1619254495	0.0091745971	0.9999578991	-0.0001636345	
0.0000000000	0.0000000000	0.0000000000	0.1640959281	-0.0016228357	0.9864430510	1432.1432174126	-13.7658713121	-238.2613065011	14.8969675174	1548.6137973545	0.0695570078	0.0000000000	0.0000000000	0.0106666667	0.0100000000	1920	1080	-0.0000000000	-0.0000000000	15.4868544832	66.9458278803	0.9863974854	-0.0094813289	-0.1641039463	0.0096191047	0.9999537343	0.0000449136	
0.0000000000	0.0000000000	0.0000000000	0.1652242729	-0.0022381762	0.9862534817	1432.0175399530	-13.6745598043	-239.9329048969	14.9585006127	1548.7733593910	1.0087875302	0.0000000000	0.0000000000	0.0106666667	0.0100000000	1920	1080	0.0000000000	-0.0000000000	15.4884592299	66.9403654470	0.9862087334	-0.0094174617	-0.1652381480	0.0096578365	0.9999531499	0.0006513156	
0.0000000000	0.0000000000	0.0000000000	0.1684014667	-0.0026000955	0.9857150630	1430.2948379135	-16.4874082880	-244.3978248686	18.0131673337	1547.7547930664	1.0052260042	0.0000000000	0.0000000000	0.0106666667	0.0100000000	1920	1080	0.0000000000	0.0000000000	15.4785993686	66.9739401023	0.9856497935	-0.0113618606	-0.1684202860	0.0116374660	0.9999320715	0.0006494296	
0.0000000000	0.0000000000	0.0000000000	0.1715358894	-0.0027474181	0.9851740406	1429.0130763052	-14.8737246224	-248.8574436682	16.3593843476	1547.2155407384	1.4663667009	0.0000000000	0.0000000000	0.0106666667	0.0100000000	1920	1080	0.0000000000	-0.0000000000	15.4730272060	66.9929275107	0.9851211366	-0.0102535244	-0.1715552725	0.0105728402	0.9999436569	0.0009476922	
0.0000000000	0.0000000000	0.0000000000	0.1739647867	-0.0023971485	0.9847489562	1428.1854729656	-15.0252642609	-252.3384233356	16.4277397066	1546.9889639560	0.8636861864	0.0000000000	0.0000000000	0.0106666667	0.0100000000	1920	1080	-0.0000000000	-0.0000000000	15.4707642707	67.0006412861	0.9846946222	-0.0103595067	-0.1739804060	0.0106185702	0.9999434656	0.0005582699	
0.0000000000	0.0000000000	0.0000000000	0.1789350257	-0.0018696757	0.9838591164	1419.9096687502	-15.7410844491	-258.2697050913	17.0345493612	1539.4182062541	-0.1726514785	0.0000000000	0.0000000000	0.0106666667	0.0100000000	1920	1080	0.0000000000	-0.0000000000	15.3951246160	67.2593832199	0.9837986708	-0.0109063684	-0.1789447584	0.0110648987	0.9999387758	-0.0001121469	
0.0000000000	0.0000000000	0.0000000000	0.1837159021	-0.0021230769	0.9829770902	1423.8510419548	-15.7991783693	-266.1482389003	17.1683024741	1545.0758591005	0.1284106726	0.0000000000	0.0000000000	0.0106666667	0.0100000000	1920	1080	0.0000000000	0.0000000000	15.4517124536	67.0656463845	0.9829165857	-0.0109065302	-0.1837281503	0.0111109384	0.9999382682	0.0000831045	
0.0000000000	0.0000000000	0.0000000000	0.1853586151	-0.0017642481	0.9826693601	1425.1134197044	-17.2681555644	-268.8468021988	18.6060798218	1546.9315873219	-0.7323176383	0.0000000000	0.0000000000	0.0106666667	0.0100000000	1920	1080	0.0000000000	-0.0000000000	15.4704365108	67.0017586668	0.9825973430	-0.0119061708	-0.1853664065	0.0120268616	0.9999275626	-0.0004733659	
0.0000000000	0.0000000000	0.0000000000	0.1913227204	-0.0017659722	0.9815255972	1426.4585047718	-17.4491874682	-278.0821379050	18.7924367759	1550.1962313930	-0.8739626054	0.0000000000	0.0000000000	0.0106666667	0.0100000000	1920	1080	0.0000000000	-0.0000000000	15.5031038032	66.8905528252	0.9814523322	-0.0120056389	-0.1913300400	0.0121217254	0.9999263703	-0.0005637340	
0.0000000000	0.0000000000	0.0000000000	0.1957883639	-0.0012196584	0.9806454145	1421.1036580103	-16.6488208871	-283.7476848121	17.7841761213	1545.7634994582	-1.6281433127	0.0000000000	0.0000000000	0.0106666667	0.0100000000	1920	1080	-0.0000000000	-0.0000000000	15.4586665791	67.0419058930	0.9805786897	-0.0114878875	-0.1957893299	0.0115043403	0.9999332682	-0.0010532236	
0.0000000000	0.0000000000	0.0000000000	0.1977055817	-0.0011034375	0.9802608252	1419.7618802360	-16.3979546831	-286.3655624008	17.4829430211	1544.9098905416	-1.7870386179	0.0000000000	0.0000000000	0.0106666667	0.0100000000	1920	1080	0.0000000000	0.0000000000	15.4500984356	67.0711585578	0.9801961318	-0.0113210616	-0.1977052775	0.0113157486	0.9999353059	-0.0011566519	
0.0000000000	0.0000000000	0.0000000000	0.2015393641	-0.0014896200	0.9794792830	1415.4940129007	-17.4838010913	-291.2811045192	18.7295137342	1541.4951140006	-1.5094676389	0.0000000000	0.0000000000	0.0106666667	0.0100000000	1920	1080	-0.0000000000	0.0000000000	15.4160963271	67.1874683550	0.9794050636	-0.0120973478	-0.2015424905	0.0121493232	0.9999257148	-0.0009791504	
0.0000000000	0.0000000000	0.0000000000	0.2049267404	-0.0018725102	0.9787755232	1417.4623133806	-17.2949451857	-296.8079090099	18.6492211768	1544.7480476679	-0.9493164080	0.0000000000	0.0000000000	0.0106666667	0.0100000000	1920	1080	-0.0000000000	-0.0000000000	15.4486090812	67.0762456917	0.9787028677	-0.0119414903	-0.2049343739	0.0120717801	0.9999269446	-0.0006144996	
0.0000000000	0.0000000000	0.0000000000	0.2065977057	-0.0016582872	0.9784245694	1416.8343824005	-16.4979327172	-299.1974039548	17.7473471322	1544.6176722991	-1.1295111974	0.0000000000	0.0000000000	0.0106666667	0.0100000000	1920	1080	-0.0000000000	0.0000000000	15.4472003862	67.0810579472	0.9783585181	-0.0113922228	-0.2066030669	0.0114890379	0.9999337315	-0.0007312077	
0.0000000000	0.0000000000	0.0000000000	0.2085498255	-0.0019838217	0.9780097314	1415.9216710670	-15.7222016390	-301.9616246896	17.0405378470	1544.2764985184	-0.5012546609	0.0000000000	0.0000000000	0.0106666667	0.0100000000	1920	1080	-0.0000000000	-0.0000000000	15.4437059512	67.0929979505	0.9779494986	-0.0108590182	-0.2085590082	0.0110339694	0.9999390712	-0.0003245689	
0.0000000000	0.0000000000	0.0000000000	0.2108059725	-0.0022941359	0.9775252318	1415.8437099741	-14.9821261697	-305.3657046507	16.3690205738	1544.9555895402	0.0958039764	0.0000000000	0.0000000000	0.0106666667	0.0100000000	1920	1080	0.0000000000	-0.0000000000	15.4504230611	67.0700498367	0.9774705098	-0.0103433637	-0.2108184462	0.0105945452	0.9999438743	0.0000620073	
0.0000000000	0.0000000000	0.0000000000	0.2116170705	-0.0021961534	0.9773501892	1415.1226404110	-13.8085928046	-306.4351310643	15.1133966332	1544.4451041330	0.1980719280	0.0000000000	0.0000000000	0.0106666667	0.0100000000	1920	1080	-0.0000000000	-0.0000000000	15.4451906226	67.0879245742	0.9773036712	-0.0095364091	-0.2116284271	0.0097851797	0.9999521158	0.0001282418	
0.0000000000	0.0000000000	0.0000000000	0.2129794399	-0.0022565458	0.9770540754	1415.2533630423	-12.8652468838	-308.5283683275	14.1506669713	1545.0552161217	0.4837876552	0.0000000000	0.0000000000	0.0106666667	0.0100000000	1920	1080	0.0000000000	-0.0000000000	15.4512009122	67.0673933073	0.9770137582	-0.0088814650	-0.2129911637	0.0091582959	0.9999580129	0.0003131068	
0.0000000000	0.0000000000	0.0000000000	0.2155605176	-0.0025621878	0.9764871215	1414.5431858543	-12.1411440891	-312.2936928632	13.4995476671	1545.1748201244	1.0743189449	0.0000000000	0.0000000000	0.0106666667	0.0100000000	1920	1080	-0.0000000000	-0.0000000000	15.4523416242	67.0634978660	0.9764514024	-0.0083809652	-0.2155746232	0.0087362472	0.9999615966	0.0006952467	
0.0000000000	0.0000000000	0.0000000000	0.2162042822	-0.0025239492	0.9763448868	1413.8329432306	-12.5733169080	-313.1152477305	13.9372593645	1544.6244504968	0.9067067475	0.0000000000	0.0000000000	0.0106666667	0.0100000000	1920	1080	0.0000000000	0.0000000000	15.4468759378	67.0821663845	0.9763064576	-0.0086823628	-0.2162182171	0.0090227043	0.9999591223	0.0005869839	
0.0000000000	0.0000000000	0.0000000000	0.2193044322	-0.0022218436	0.9756539496	1412.8774725997	-14.1235480029	-317.6143266797	15.4510770692	1544.6759637980	0.0446251748	0.0000000000	0.0000000000	0.0106666667	0.0100000000	1920	1080	0.0000000000	-0.0000000000	15.4475323949	67.0799237144	0.9756052071	-0.0097524430	-0.2193156852	0.0100022947	0.9999499754	0.0000288882	
0.0000000000	0.0000000000	0.0000000000	0.2215200111	-0.0022611866	0.9751532042	1412.0236939887	-14.9149789803	-320.7959821839	16.2877537316	1544.5356364571	-0.1185250545	0.0000000000	0.0000000000	0.0106666667	0.0100000000	1920	1080	0.0000000000	-0.0000000000	15.4462151910	67.0844238437	0.9750988111	-0.0102998118	-0.2215315382	0.0105448186	0.9999443989	-0.0000767340	
0.0000000000	0.0000000000	0.0000000000	0.2229057862	-0.0023653905	0.9748371225	1412.1196846762	-15.1264112278	-322.9313093084	16.5436222259	1545.1412772604	-0.0336534848	0.0000000000	0.0000000000	0.0106666667	0.0100000000	1920	1080	0.0000000000	0.0000000000	15.4522984027	67.0636454565	0.9747811994	-0.0104417079	-0.2229183351	0.0107062534	0.9999426862	-0.0000217790	
0.0000000000	0.0000000000	0.0000000000	0.2259569055	-0.0024175776	0.9741342988	1410.2399964976	-15.5842647823	-327.1531884624	17.0368907483	1544.1980504292	-0.1194747487	0.0000000000	0.0000000000	0.0106666667	0.0100000000	1920	1080	-0.0000000000	0.0000000000	15.4429203484	67.0956827638	0.9740748267	-0.0107642955	-0.2259698251	0.0110321690	0.9999391408	-0.0000773654	
0.0000000000	0.0000000000	0.0000000000	0.2291112804	-0.0022746295	0.9733975792	1410.2628908070	-15.5269888073	-331.9737604667	16.9269873495	1545.3924451370	-0.3728881653	0.0000000000	0.0000000000	0.0106666667	0.0100000000	1920	1080	-0.0000000000	0.0000000000	15.4548518965	67.0549268910	0.9733386169	-0.0107164543	-0.2291224444	0.0109525393	0.9999399900	-0.0002412758	
0.0000000000	0.0000000000	0.0000000000	0.2303222299	-0.0023771337	0.9731115145	1408.9855078380	-16.0069472459	-333.5267642511	17.4606745623	1544.4465594842	-0.3599027103	0.0000000000	0.0000000000	0.0106666667	0.0100000000	1920	1080	-0.0000000000	0.0000000000	15.4454529872	67.0870280999	0.9730487518	-0.0110544359	-0.2303343788	0.0113047345	0.9999360723	-0.0002330153	
0.0000000000	0.0000000000	0.0000000000	0.2329456552	-0.0016274843	0.9724883922	1408.5829361057	-15.7799483569	-337.4322605868	16.9546478096	1544.9961961449	-1.4756520124	0.0000000000	0.0000000000	0.0106666667	0.0100000000	1920	1080	0.0000000000	-0.0000000000	15.4508992739	67.0684234450	0.9724278429	-0.0108938286	-0.2329493826	0.0109732434	0.9999393361	-0.0009550590	
0.0000000000	0.0000000000	0.0000000000	0.2387501498	-0.0014304973	0.9710799759	1406.1604690715	-17.8596899561	-345.7455402184	19.0269603823	1544.5771455796	-2.4026612076	0.0000000000	0.0000000000	0.0106666667	0.0100000000	1920	1080	-0.0000000000	-0.0000000000	15.4469620206	67.0818722904	0.9710029055	-0.0123327396	-0.2387493686	0.0123176068	0.9999229256	-0.0015554264	
0.0000000000	0.0000000000	0.0000000000	0.2401826837	-0.0019023734	0.9707258415	1406.7323292014	-16.8563496098	-348.0950013630	18.1601075626	1545.7683367408	-1.4639712946	0.0000000000	0.0000000000	0.0106666667	0.0100000000	1920	1080	-0.0000000000	-0.0000000000	15.4587570121	67.0415972641	0.9706566209	-0.0116310168	-0.2401883505	0.0117474565	0.9999305478	-0.0009470175	
0.0000000000	0.0000000000	0.0000000000	0.2432896172	-0.0017470121	0.9699521174	1404.6026909293	-17.6435442454	-352.3432428042	18.9108703923	1544.6600606800	-1.9612088442	0.0000000000	0.0000000000	0.0106666667	0.0100000000	1920	1080	-0.0000000000	0.0000000000	15.4477706172	67.0791099024	0.9698764355	-0.0121828457	-0.2432925771	0.0122418120	0.9999242602	-0.0012695740	
0.0000000000	0.0000000000	0.0000000000	0.2482283780	-0.0020709205	0.9686993257	1402.3453449336	-17.1780776851	-359.3865254179	18.5436300695	1544.1716526326	-1.4506033618	0.0000000000	0.0000000000	0.0106666667	0.0100000000	1920	1080	0.0000000000	-0.0000000000	15.4428367318	67.0959685362	0.9686271121	-0.0118652312	-0.2482352393	0.0120079169	0.9999274612	-0.0009393374	
0.0000000000	0.0000000000	0.0000000000	0.2505294191	-0.0017761525	0.9681073574	1401.4849523277	-18.0431139957	-362.7131388112	19.3193655980	1544.1687526417	-2.1664852313	0.0000000000	0.0000000000	0.0106666667	0.0100000000	1920	1080	0.0000000000	0.0000000000	15.4429112158	67.0957139758	0.9680281532	-0.0124626685	-0.2505317873	0.0125101837	0.9999207604	-0.0014028995	
0.0000000000	0.0000000000	0.0000000000	0.2550374214	-0.0008499028	0.9669308100	1400.1500374203	-17.5705217964	-369.3186572616	18.4569214398	1544.5741737054	-3.5105590123	0.0000000000	0.0000000000	0.0106666667	0.0100000000	1920	1080	0.0000000000	-0.0000000000	15.4468843462	67.0821376579	0.9668573544	-0.0121331199	-0.2550287115	0.0119486370	0.9999260298	-0.0022726648	
0.0000000000	0.0000000000	0.0000000000	0.2592364757	-0.0006588091	0.9658136547	1398.1162378930	-18.0011903068	-375.2841799800	18.8085717705	1544.1142417564	-3.9951716522	0.0000000000	0.0000000000	0.0106666667	0.0100000000	1920	1080	-0.0000000000	0.0000000000	15.4423395746	67.0976676920	0.9657370762	-0.0124341714	-0.2592244027	0.0121798719	0.9999224757	-0.0025871544	
0.0000000000	0.0000000000	0.0000000000	0.2615129256	-0.0007281945	0.9651996993	1397.4505531930	-17.9554089631	-378.6412882185	18.7800318309	1544.3610077124	-3.9231527445	0.0000000000	0.0000000000	0.0106666667	0.0100000000	1920	1080	0.0000000000	-0.0000000000	15.4448017238	67.0892534424	0.9651233794	-0.0124005711	-0.2615016029	0.0121594516	0.9999228448	-0.0025401121	
0.0000000000	0.0000000000	0.0000000000	0.2652225815	-0.0013662465	0.9641862453	1395.7026281736	-17.4533522430	-383.9462567467	18.5097038867	1544.0517269285	-2.9036259385	0.0000000000	0.0000000000	0.0106666667	0.0100000000	1920	1080	0.0000000000	0.0000000000	15.4416539775	67.1000110112	0.9641126995	-0.0120562921	-0.2652194347	0.0119868661	0.9999263869	-0.0018803853	
0.0000000000	0.0000000000	0.0000000000	0.2693358566	-0.0011874978	0.9630455785	1393.7020413585	-17.2911520074	-389.7992729972	18.2560568021	1543.6645437072	-3.2022497936	0.0000000000	0.0000000000	0.0106666667	0.0100000000	1920	1080	0.0000000000	0.0000000000	15.4377581323	67.1133294617	0.9629737026	-0.0119472629	-0.2693304867	0.0118255880	0.9999279238	-0.0020742972	
0.0000000000	0.0000000000	0.0000000000	0.2712056661	-0.0009991765	0.9625209028	1393.4354001854	-16.4075488175	-392.6397534305	17.2639201379	1544.2099469301	-3.2613677334	0.0000000000	0.0000000000	0.0106666667	0.0100000000	1920	1080	0.0000000000	-0.0000000000	15.4430989107	67.0950725068	0.9624565006	-0.0113328196	-0.2711992842	0.0111790517	0.9999352823	-0.0021118609	
0.0000000000	0.0000000000	0.0000000000	0.2746140111	-0.0007659038	0.9615542410	1391.1781615508	-16.8456869904	-397.3253935543	17.6025118040	1543.2580066173	-3.7979231612	0.0000000000	0.0000000000	0.0106666667	0.0100000000	1920	1080	0.0000000000	0.0000000000	15.4336306410	67.1274449180	0.9614869028	-0.0116425831	-0.2746040533	0.0114052955	0.9999319295	-0.0024608099	
0.0000000000	0.0000000000	0.0000000000	0.2775449219	-0.0010524053	0.9607120842	1391.0463570970	-17.1072075982	-401.8850835509	17.9819168476	1544.4652897150	-3.5030123595	0.0000000000	0.0000000000	0.0106666667	0.0100000000	1920	1080	0.0000000000	0.0000000000	15.4457393852	67.0860495297	0.9606421188	-0.0118140593	-0.2775376508	0.0116419916	0.9999296577	-0.0022679473	
0.0000000000	0.0000000000	0.0000000000	0.2794894787	-0.0011509696	0.9601480649	1389.1722816001	-17.3627291217	-404.3949417340	18.2786528757	1543.2908901057	-3.4707253136	0.0000000000	0.0000000000	0.0106666667	0.0100000000	1920	1080	0.0000000000	-0.0000000000	15.4340303439	67.1260777594	0.9600757119	-0.0119996164	-0.2794828019	0.0118430847	0.9999273396	-0.0022487485	
0.0000000000	0.0000000000	0.0000000000	0.2819491065	-0.0016026434	0.9594280238	1388.7546732557	-18.1670292461	-408.1465673770	19.2896750738	1543.9858258351	-3.0895990556	0.0000000000	0.0000000000	0.0106666667	0.0100000000	1920	1080	0.0000000000	0.0000000000	15.4410940920	67.1019247651	0.9593480289	-0.0125497354	-0.2819465615	0.0124924276	0.9999199646	-0.0020008939	
0.0000000000	0.0000000000	0.0000000000	0.2848710575	-0.0013487735	0.9585648968	1387.6025671805	-16.7576389321	-412.3981738209	17.7274839079	1544.0932432253	-3.0956850642	0.0000000000	0.0000000000	0.0106666667	0.0100000000	1920	1080	0.0000000000	0.0000000000	15.4419810605	67.0988930481	0.9584970990	-0.0115754674	-0.2848671966	0.0114800581	0.9999320924	-0.0020047202	
0.0000000000	0.0000000000	0.0000000000	0.2852045689	-0.0010137493	0.9584661320	1387.2114050784	-16.4381324380	-412.8009135990	17.2521278532	1543.8163800541	-3.5007422412	0.0000000000	0.0000000000	0.0106666667	0.0100000000	1920	1080	-0.0000000000	0.0000000000	15.4391674207	67.1085110883	0.9584015285	-0.0113568352	-0.2851973572	0.0111742605	0.9999349952	-0.0022674424	
0.0000000000	0.0000000000	0.0000000000	0.2882704820	-0.0016571560	0.9575475879	1386.4303409724	-16.2795153557	-417.4141582852	17.3654730967	1544.4279566498	-2.5550639054	0.0000000000	0.0000000000	0.0106666667	0.0100000000	1920	1080	-0.0000000000	-0.0000000000	15.4452769522	67.0876295920	0.9574830124	-0.0112428003	-0.2882704986	0.0112432255	0.9999354246	-0.0016542688	
0.0000000000	0.0000000000	0.0000000000	0.2920405164	-0.0023010859	0.9564031795	1383.6375390425	-15.8030878255	-422.5358032116	17.1588422507	1543.1604435276	-1.5266913442	0.0000000000	0.0000000000	0.0106666667	0.0100000000	1920	1080	-0.0000000000	0.0000000000	15.4325659277	67.1310869427	0.9563413165	-0.0109227636	-0.2920479063	0.0111185932	0.9999376972	-0.0009892660	
0.0000000000	0.0000000000	0.0000000000	0.2937089886	-0.0020860422	0.9558926082	1383.3697496122	-15.5691605514	-425.0902291591	16.8204817625	1543.6861219835	-1.7995036760	0.0000000000	0.0000000000	0.0106666667	0.0100000000	1920	1080	-0.0000000000	0.0000000000	15.4377880865	67.1132270417	0.9558327860	-0.0107574379	-0.2937140834	0.0108956553	0.9999399612	-0.0011656486	
0.0000000000	0.0000000000	0.0000000000	0.2965128639	-0.0011347714	0.9550281848	1381.9853882571	-12.6156273787	-429.0876098255	13.3708757816	1543.5359924035	-2.3172889281	0.0000000000	0.0000000000	0.0106666667	0.0100000000	1920	1080	0.0000000000	-0.0000000000	15.4359564329	67.1194903827	0.9549895751	-0.0087177424	-0.2965112350	0.0086621622	0.9999613559	-0.0015012280	
0.0000000000	0.0000000000	0.0000000000	0.2993109856	-0.0022283746	0.9541530109	1380.5840164296	-12.4326318872	-433.1083824858	13.6829449406	1543.3839924703	-0.6877492297	0.0000000000	0.0000000000	0.0106666667	0.0100000000	1920	1080	-0.0000000000	0.0000000000	15.4344479791	67.1246493171	0.9541144282	-0.0085921272	-0.2993189489	0.0088651988	0.9999606041	-0.0004455937	
0.0000000000	0.0000000000	0.0000000000	0.3022257901	-0.0025281341	0.9532330147	1379.6227754229	-10.9441916943	-437.4431490976	12.3074984421	1543.7958173287	0.1922713788	0.0000000000	0.0000000000	0.0106666667	0.0100000000	1920	1080	-0.0000000000	0.0000000000	15.4384488764	67.1109677233	0.9532030315	-0.0075615138	-0.3022363383	0.0079719786	0.9999682155	0.0001245406	
0.0000000000	0.0000000000	0.0000000000	0.3042045976	-0.0023144077	0.9526039084	1374.7452144446	-9.5560886009	-439.0344483754	10.7938901786	1539.3535595218	0.2930290912	0.0000000000	0.0000000000	0.0106666667	0.0100000000	1920	1080	-0.0000000000	-0.0000000000	15.3939143013	67.2635377013	0.9525809139	-0.0066215525	-0.3042133420	0.0070117905	0.9999753990	0.0001903539	
0.0000000000	0.0000000000	0.0000000000	0.3067608907	-0.0017730971	0.9517849610	1377.5094104383	-10.4071979115	-443.9915358362	11.4054981908	1543.7781115183	-0.8000676158	0.0000000000	0.0000000000	0.0106666667	0.0100000000	1920	1080	0.0000000000	-0.0000000000	15.4382045041	67.1118032452	0.9517579397	-0.0071906102	-0.3067655772	0.0073878398	0.9999725752	-0.0005182388	
0.0000000000	0.0000000000	0.0000000000	0.3084723626	-0.0019287157	0.9512313502	1378.8833264897	-11.7358414773	-447.1783152577	12.8277121877	1546.2178131358	-1.0247560673	0.0000000000	0.0000000000	0.0106666667	0.0100000000	1920	1080	0.0000000000	0.0000000000	15.4627136234	67.0280966358	0.9511971297	-0.0080957529	-0.3084776803	0.0082958997	0.9999653688	-0.0006627272	
0.0000000000	0.0000000000	0.0000000000	0.3112706672	-0.0023897263	0.9503182945	1376.8344692419	-11.9753112764	-451.0034206960	13.2886742492	1545.4027950469	-0.4664593474	0.0000000000	0.0000000000	0.0106666667	0.0100000000	1920	1080	-0.0000000000	-0.0000000000	15.4545999799	67.0557869378	0.9502823986	-0.0082652837	-0.3112796941	0.0085985236	0.9999629865	-0.0003018256	
0.0000000000	0.0000000000	0.0000000000	0.3125481725	-0.0021807266	0.9498994075	1375.3008438237	-13.4792334422	-452.5501926959	14.7101910502	1544.3639384827	-1.2946716008	0.0000000000	0.0000000000	0.0106666667	0.0100000000	1920	1080	0.0000000000	0.0000000000	15.4443453742	67.0908128494	0.9498541578	-0.0093094584	-0.3125546560	0.0095246452	0.9999542882	-0.0008382820	
0.0000000000	0.0000000000	0.0000000000	0.3136723556	-0.0020768911	0.9495290095	1374.2972378137	-13.5916597328	-454.0222319766	14.7718719234	1543.8392724952	-1.5029997304	0.0000000000	0.0000000000	0.0106666667	0.0100000000	1920	1080	0.0000000000	0.0000000000	15.4391067310	67.1087185745	0.9494830752	-0.0093902909	-0.3136777206	0.0095678281	0.9999537534	-0.0009735017	
0.0000000000	0.0000000000	0.0000000000	0.3153874927	-0.0022865016	0.9489602212	1371.4911418157	-12.3783659385	-455.8457203197	13.6414601278	1541.6091477985	-0.8192693763	0.0000000000	0.0000000000	0.0106666667	0.0100000000	1920	1080	0.0000000000	-0.0000000000	15.4166971989	67.1854098839	0.9489217215	-0.0085644741	-0.3153953332	0.0088484972	0.9999607101	-0.0005314169	
0.0000000000	0.0000000000	0.0000000000	0.3180780464	-0.0021408104	0.9480621147	1372.0733335352	-13.4286276717	-460.3655676740	14.6311771230	1543.7257882823	-1.4229362822	0.0000000000	0.0000000000	0.0106666667	0.0100000000	1920	1080	-0.0000000000	-0.0000000000	15.4379577843	67.1126468120	0.9480171598	-0.0092783448	-0.3180839152	0.0094774045	0.9999546636	-0.0009217128	
0.0000000000	0.0000000000	0.0000000000	0.3181668420	-0.0026542537	0.9480310204	1372.0906137200	-12.5534834377	-460.5198018424	13.9983233275	1543.7937019775	-0.3757072394	0.0000000000	0.0000000000	0.0106666667	0.0100000000	1920	1080	0.0000000000	0.0000000000	15.4385721117	67.1105463822	0.9479913756	-0.0086733295	-0.3181778201	0.0090671101	0.9999588633	-0.0002433562	
0.0000000000	0.0000000000	0.0000000000	0.3208167911	-0.0021879167	0.9471387436	1370.7538258980	-13.1975804227	-464.3350533130	14.4169238956	1543.7445740871	-1.3172375782	0.0000000000	0.0000000000	0.0106666667	0.0100000000	1920	1080	0.0000000000	-0.0000000000	15.4381245391	67.1120766540	0.9470952321	-0.0091186070	-0.3208231170	0.0093385203	0.9999560310	-0.0008532368	
0.0000000000	0.0000000000	0.0000000000	0.3239501245	-0.0024761924	0.9460709198	1368.1630363150	-12.4194834451	-468.5138605474	13.7704987454	1542.5646780520	-0.6778222242	0.0000000000	0.0000000000	0.0106666667	0.0100000000	1920	1080	0.0000000000	-0.0000000000	15.4262629047	67.1526546041	0.9460320458	-0.0085875945	-0.3239592901	0.0089266589	0.9999600600	-0.0004393950	
0.0000000000	0.0000000000	0.0000000000	0.3251640189	-0.0020223592	0.9456554716	1367.7496313177	-12.4165026991	-470.3278212216	13.5390992287	1542.7771809301	-1.3560734108	0.0000000000	0.0000000000	0.0106666667	0.0100000000	1920	1080	-0.0000000000	0.0000000000	15.4283718394	67.1454368972	0.9456169162	-0.0085843598	-0.3251691199	0.0087754556	0.9999611087	-0.0008789478	
0.0000000000	0.0000000000	0.0000000000	0.3275624131	-0.0020939699	0.9448272227	1366.3720975484	-12.1450465621	-473.7348395571	13.2980875620	1542.5741667880	-1.1915933524	0.0000000000	0.0000000000	0.0106666667	0.0100000000	1920	1080	0.0000000000	-0.0000000000	15.4263194543	67.1524610485	0.9447902172	-0.0083978012	-0.3275681952	0.0086203891	0.9999625454	-0.0007724418	
0.0000000000	0.0000000000	0.0000000000	0.3306141036	-0.0021274261	0.9437636296	1364.5541112686	-12.6476915363	-478.0516298421	13.8170141887	1542.2582953791	-1.3637515948	0.0000000000	0.0000000000	0.0106666667	0.0100000000	1920	1080	-0.0000000000	0.0000000000	15.4232079003	67.1631126098	0.9437235073	-0.0087471239	-0.3306197659	0.0089585865	0.9999594801	-0.0008842205	
0.0000000000	0.0000000000	0.0000000000	0.3321949369	-0.0019511915	0.9432087345	1363.7296934022	-12.9119887646	-480.3277117698	13.9903060713	1542.2338049685	-1.7369594392	0.0000000000	0.0000000000	0.0106666667	0.0100000000	1920	1080	-0.0000000000	-0.0000000000	15.4229823798	67.1638847340	0.9431671323	-0.0089300420	-0.3321987581	0.0090710770	0.9999582227	-0.0011262150	
0.0000000000	0.0000000000	0.0000000000	0.3351761886	-0.0024365056	0.9421523157	1361.7222969700	-13.7650006164	-484.4762574370	15.0924333885	1541.6903689723	-1.3822469282	0.0000000000	0.0000000000	0.0106666667	0.0100000000	1920	1080	0.0000000000	-0.0000000000	15.4176486078	67.1821507675	0.9421046104	-0.0095232857	-0.3351838453	0.0097890630	0.9999516841	-0.0008965355	
0.0000000000	0.0000000000	0.0000000000	0.3396684300	-0.0008414397	0.9405448685	1359.8889500465	-11.4197782085	-491.1205930819	11.8976662869	1542.2450501101	-2.9169851984	0.0000000000	0.0000000000	0.0106666667	0.0100000000	1920	1080	-0.0000000000	0.0000000000	15.4229370026	67.1640400959	0.9405136085	-0.0078980396	-0.3396642065	0.0077142676	0.9999684560	-0.0018913293	
0.0000000000	0.0000000000	0.0000000000	0.3400255265	-0.0009195471	0.9404157569	1359.6915947899	-11.4417777390	-491.6340121087	11.9595826288	1542.2330816379	-2.8162090704	0.0000000000	0.0000000000	0.0106666667	0.0100000000	1920	1080	-0.0000000000	0.0000000000	15.4228202374	67.1644398777	0.9403842350	-0.0079133146	-0.3400218668	0.0077544719	0.9999682664	-0.0018260014	
0.0000000000	0.0000000000	0.0000000000	0.3449066958	-0.0012747877	0.9386361095	1356.8189932040	-12.5260721320	-498.5871724629	13.2192175255	1541.8937123634	-2.7633812563	0.0000000000	0.0000000000	0.0106666667	0.0100000000	1920	1080	0.0000000000	0.0000000000	15.4195285408	67.1757117489	0.9385978235	-0.0086650792	-0.3449043957	0.0085730361	0.9999616449	-0.0017921308	
0.0000000000	0.0000000000	0.0000000000	0.3470353824	-0.0013808427	0.9378510205	1354.9876177751	-12.4937540870	-501.4078863984	13.2369551396	1541.1016508610	-2.6290666211	0.0000000000	0.0000000000	0.0106666667	0.0100000000	1920	1080	0.0000000000	0.0000000000	15.4116074024	67.2028500715	0.9378127069	-0.0086471649	-0.3470339367	0.0085889517	0.9999616592	-0.0017059003	
0.0000000000	0.0000000000	0.0000000000	0.3508988876	-0.0013309771	0.9364124087	1353.0908233299	-13.3778884364	-507.0584989225	14.0822442640	1541.3091203185	-3.0862434521	0.0000000000	0.0000000000	0.0106666667	0.0100000000	1920	1080	0.0000000000	0.0000000000	15.4137654026	67.1954547078	0.9363687850	-0.0092577948	-0.3508956992	0.0091361480	0.9999562599	-0.0020022645	
0.0000000000	0.0000000000	0.0000000000	0.3525171664	-0.0011265274	0.9358046689	1351.7577329365	-12.8548345890	-509.2219592774	13.4434845193	1540.7900585142	-3.2093415304	0.0000000000	0.0000000000	0.0106666667	0.0100000000	1920	1080	-0.0000000000	0.0000000000	15.4085204727	67.2134313301	0.9357646749	-0.0088988580	-0.3525128132	0.0087247082	0.9999597698	-0.0020828356	
0.0000000000	0.0000000000	0.0000000000	0.3547481717	-0.0010711902	0.9349612758	1351.5119848787	-10.9432106629	-512.8106802807	11.4995157325	1541.8986889494	-2.5966480271	0.0000000000	0.0000000000	0.0106666667	0.0100000000	1920	1080	0.0000000000	0.0000000000	15.4194375657	67.1760233256	0.9349321450	-0.0075701581	-0.3547457919	0.0074578049	0.9999707722	-0.0016840096	
0.0000000000	0.0000000000	0.0000000000	0.3590265333	-0.0012705646	0.9333264885	1348.1952438547	-12.2838241461	-518.6325235476	12.9320262450	1540.8097810020	-2.8770662227	0.0000000000	0.0000000000	0.0106666667	0.0100000000	1920	1080	0.0000000000	-0.0000000000	15.4086673533	67.2129277917	0.9332896180	-0.0085034906	-0.3590239262	0.0083926961	0.9999630375	-0.0018671739	
0.0000000000	0.0000000000	0.0000000000	0.3608605172	-0.0018595915	0.9326179438	1347.2937784548	-11.6081811509	-521.3353651484	12.5818334313	1540.9490163478	-1.7957527632	0.0000000000	0.0000000000	0.0106666667	0.0100000000	1920	1080	-0.0000000000	0.0000000000	15.4100142707	67.2083105795	0.9325840576	-0.0080350736	-0.3608634271	0.0081647124	0.9999659892	-0.0011653154	
0.0000000000	0.0000000000	0.0000000000	0.3652014814	-0.0017613158	0.9309268369	1344.7837306537	-11.2017774841	-527.5782381900	12.1144183112	1540.8721268293	-1.8371380295	0.0000000000	0.0000000000	0.0106666667	0.0100000000	1920	1080	-0.0000000000	0.0000000000	15.4092084334	67.2110729101	0.9308953056	-0.0077541703	-0.3652037826	0.0078618044	0.9999683848	-0.0011922339	
0.0000000000	0.0000000000	0.0000000000	0.3705136901	-0.0038906404	0.9288188566	1341.1804941899	-11.7562937556	-535.0574764792	13.8679291434	1540.2238433395	0.9196621519	0.0000000000	0.0000000000	0.0106666667	0.0100000000	1920	1080	-0.0000000000	0.0000000000	15.4028654893	67.2328228936	0.9287833670	-0.0081413726	-0.3705336356	0.0090034735	0.9999592897	0.0005970721	
0.0000000000	0.0000000000	0.0000000000	0.3744621527	-0.0038908662	0.9272340359	1337.9178550479	-11.0732138187	-540.3626972092	13.1946023679	1539.1022413825	1.1297706035	0.0000000000	0.0000000000	0.0106666667	0.0100000000	1920	1080	0.0000000000	0.0000000000	15.3915921312	67.2715099638	0.9272025704	-0.0076739482	-0.3744816469	0.0085726040	0.9999629852	0.0007340180	
0.0000000000	0.0000000000	0.0000000000	0.3778126946	-0.0035429982	0.9258752696	1336.7714047065	-9.1088434138	-545.5178420683	11.0575163292	1540.0396273831	1.3810580718	0.0000000000	0.0000000000	0.0106666667	0.0100000000	1920	1080	0.0000000000	0.0000000000	15.4007994270	67.2399101133	0.9258542098	-0.0063088281	-0.3778282426	0.0071798327	0.9999738226	0.0008967444	
0.0000000000	0.0000000000	0.0000000000	0.3833265645	-0.0027333153	0.9236088317	1333.4856544738	-8.8661072118	-553.4645091582	10.3483818165	1540.0285613312	0.2626371934	0.0000000000	0.0000000000	0.0106666667	0.0100000000	1920	1080	-0.0000000000	0.0000000000	15.4006335185	67.2404792869	0.9235884332	-0.0061407740	-0.3833362715	0.0067194520	0.9999774097	0.0001705366	
