-0.1300436119	0.0063641743	-0.7059122608	0.0001065978	0.0032494591	0.9999947148	1939.3461126974	0.0770074180	-0.2069814337	-0.0828582279	2068.6249439564	-6.7219387826	0.0000000000	0.0000000000	0.0106666667	0.0100000000	2400	1080	0.0000000000	0.0000000000	20.6863586696	63.4955650402	0.9999999935	0.0000397079	-0.0001067274	-0.0000400545	0.9999947197	-0.0032494548	
-0.1471487946	0.0201593062	-0.7046235758	-0.0003874375	0.0030193500	0.9999953667	1939.3459746504	0.1424400552	0.7509487424	-0.1495168193	2068.6264320284	-6.2459941849	0.0000000000	0.0000000000	0.0106666667	0.0100000000	2400	1080	0.0000000000	0.0000000000	20.6863586696	63.4955650402	0.9999999223	0.0000734475	0.0003872175	-0.0000722780	0.9999954391	-0.0030193783	
-0.1825473635	0.0240898285	-0.6981523292	-0.0008864983	0.0030411642	0.9999949827	1939.3453608155	0.1019129997	1.7189249663	-0.1031306189	2068.6262980090	-6.2911552908	0.0000000000	0.0000000000	0.0106666667	0.0100000000	2400	1080	0.0000000000	-0.0000000000	20.6863586696	63.4955650402	0.9999996058	0.0000525502	0.0008863425	-0.0000498544	0.9999953743	-0.0030412096	
-0.2031047618	0.0391696272	-0.6928986877	-0.0014445168	0.0029009748	0.9999947488	1939.3440757246	0.3268958532	2.8004815528	-0.3400213442	2068.6271330943	-6.0015578431	0.0000000000	0.0000000000	0.0106666667	0.0100000000	2400	1080	-0.0000000000	0.0000000000	20.6863586696	63.4955650402	0.9999989432	0.0001685598	0.0014440339	-0.0001643698	0.9999957780	-0.0029012152	
-0.2431120542	0.0498474373	-0.6869678812	-0.0021781123	0.0027825584	0.9999937566	1939.3414976265	0.3374132177	4.2231909783	-0.3473704913	2068.6278272960	-5.7568702895	0.0000000000	0.0000000000	0.0106666667	0.0100000000	2400	1080	0.0000000000	0.0000000000	20.6863586696	63.4955650402	0.9999976138	0.0001739830	0.0021776365	-0.0001679225	0.9999961135	-0.0027829307	
-0.2975138415	0.0469290804	-0.6793016439	-0.0026917651	0.0028414801	0.9999923402	1939.3390632827	0.3890957921	5.2191796454	-0.3992134578	2068.6274742187	-5.8790833821	0.0000000000	0.0000000000	0.0106666667	0.0100000000	2400	1080	0.0000000000	0.0000000000	20.6863586696	63.4955650402	0.9999963586	0.0002006325	0.0026912059	-0.0001929839	0.9999959429	-0.0028420098	
-0.3349641639	0.0737994260	-0.6724512221	-0.0036904931	0.0025707762	0.9999898856	1939.3328854303	0.3767198810	7.1561984655	-0.3822070248	2068.6289922291	-5.3194465788	0.0000000000	0.0000000000	0.0106666667	0.0100000000	2400	1080	0.0000000000	0.0000000000	20.6863586696	63.4955650402	0.9999931730	0.0001942510	0.0036900058	-0.0001847628	0.9999966767	-0.0025714756	
-0.3701734336	0.0848139488	-0.6667469030	-0.0046417618	0.0025370221	0.9999860087	1939.3251581168	0.5604364202	9.0005895507	-0.5734334768	2068.6291232075	-5.2508929701	0.0000000000	0.0000000000	0.0106666667	0.0100000000	2400	1080	0.0000000000	0.0000000000	20.6863586696	63.4955650402	0.9999891885	0.0002889822	0.0046410434	-0.0002772037	0.9999967400	-0.0025383360	
-0.4083919215	0.0886801603	-0.6560604177	-0.0055197815	0.0025113860	0.9999816123	1939.3164652395	0.6971334203	10.7030491861	-0.7149238552	2068.6292097955	-5.1991681656	0.0000000000	0.0000000000	0.0106666667	0.0100000000	2400	1080	0.0000000000	0.0000000000	20.6863586696	63.4955650402	0.9999847062	0.0003594683	0.0055188958	-0.0003456016	0.9999967819	-0.0025133317	
-0.4564119693	0.0977100736	-0.6514303593	-0.0064206676	0.0023287423	0.9999766757	1939.3060468765	0.6617959859	12.4503887668	-0.6749725904	2068.6301373610	-4.8217526552	0.0000000000	0.0000000000	0.0106666667	0.0100000000	2400	1080	0.0000000000	0.0000000000	20.6863586696	63.4955650402	0.9999793341	0.0003412470	0.0064198900	-0.0003262887	0.9999972303	-0.0023308852	
-0.5102724328	0.1181791437	-0.6461702282	-0.0073477976	0.0020705504	0.9999708609	1939.2936297260	0.7718259333	14.2483541152	-0.7917882742	2068.6312688257	-4.2891482660	0.0000000000	0.0000000000	0.0106666667	0.0100000000	2400	1080	0.0000000000	-0.0000000000	20.6863586696	63.4955650402	0.9999729313	0.0003979826	0.0073469887	-0.0003827587	0.9999977772	-0.0020734187	
-0.5439312780	0.1295293663	-0.6383837922	-0.0084234188	0.0019947606	0.9999625328	1939.2771750813	0.7871853105	16.3343856347	-0.8048774694	2068.6315809241	-4.1333595081	0.0000000000	0.0000000000	0.0106666667	0.0100000000	2400	1080	0.0000000000	0.0000000000	20.6863586696	63.4955650402	0.9999644467	0.0004059024	0.0084226252	-0.0003890861	0.9999979281	-0.0019981088	
-0.6050356290	0.1392156543	-0.6310968175	-0.0094912271	0.0018226096	0.9999532963	1939.2586625974	0.6845789907	18.4055561849	-0.6944009331	2068.6323021716	-3.7770762209	0.0000000000	0.0000000000	0.0106666667	0.0100000000	2400	1080	0.0000000000	0.0000000000	20.6863586696	63.4955650402	0.9999549009	0.0003529947	0.0094905989	-0.0003356806	0.9999982767	-0.0018258778	
-0.6661927013	0.1315215220	-0.6241223872	-0.0105753484	0.0018472797	0.9999423731	1939.2375778858	0.6546385001	20.5080854819	-0.6578310451	2068.6322195547	-3.8285197861	0.0000000000	0.0000000000	0.0106666667	0.0100000000	2400	1080	0.0000000000	0.0000000000	20.6863586696	63.4955650402	0.9999440289	0.0003375563	0.0105747423	-0.0003180023	0.9999982368	-0.0018507461	
-0.7286255388	0.1577393575	-0.6159986599	-0.0119152004	0.0015043809	0.9999278798	1939.2083822310	0.5622414019	23.1068772344	-0.5626019289	2068.6334391986	-3.1189410679	0.0000000000	0.0000000000	0.0106666667	0.0100000000	2400	1080	0.0000000000	0.0000000000	20.6863586696	63.4955650402	0.9999289745	0.0002899129	0.0119147773	-0.0002719676	0.9999988264	-0.0015077284	
-0.8031080301	0.1594688122	-0.6100611864	-0.0131068749	0.0013850878	0.9999131419	1939.1794712037	0.5435391144	25.4180375582	-0.5421714037	2068.6338014093	-2.8725950368	0.0000000000	0.0000000000	0.0106666667	0.0100000000	2400	1080	0.0000000000	0.0000000000	20.6863586696	63.4955650402	0.9999140669	0.0002802693	0.0131064987	-0.0002620913	0.9999990015	-0.0013886422	
-0.8892091550	0.1590396054	-0.6054427112	-0.0145241550	0.0013011219	0.9998936723	1939.1414690609	0.6335405255	28.1665617507	-0.6366133672	2068.6340055658	-2.7010785174	0.0000000000	0.0000000000	0.0106666667	0.0100000000	2400	1080	0.0000000000	0.0000000000	20.6863586696	63.4955650402	0.9998944715	0.0003266774	0.0145237415	-0.0003077455	0.9999991002	-0.0013057293	
-0.9597328984	0.1861826861	-0.5967665306	-0.0162148358	0.0010226289	0.9998680080	1939.0910692547	0.6293711561	31.4455503144	-0.6369396867	2068.6346763716	-2.1260540522	0.0000000000	0.0000000000	0.0106666667	0.0100000000	2400	1080	0.0000000000	0.0000000000	20.6863586696	63.4955650402	0.9998684835	0.0003245275	0.0162145116	-0.0003079032	0.9999994245	-0.0010277565	
-1.0563172898	0.1915376436	-0.5891705994	-0.0178929372	0.0010122823	0.9998393961	1939.0355765605	0.5782693172	34.7000294437	-0.5792535682	2068.6347151200	-2.1047448297	0.0000000000	0.0000000000	0.0106666667	0.0100000000	2400	1080	0.0000000000	0.0000000000	20.6863586696	63.4955650402	0.9998398694	0.0002981775	0.0178926438	-0.0002800172	0.9999994432	-0.0010174554	
-1.1393952614	0.2154419697	-0.5850870714	-0.0200138030	0.0007435080	0.9997994273	1938.9575739216	0.6751365434	38.8131978678	-0.6892194184	2068.6351698367	-1.5521521016	0.0000000000	0.0000000000	0.0106666667	0.0100000000	2400	1080	0.0000000000	0.0000000000	20.6863586696	63.4955650402	0.9997996483	0.0003481259	0.0200135486	-0.0003331758	0.9999996630	-0.0007503264	
-1.2460088888	0.2353848993	-0.5775435487	-0.0227687344	0.0005104729	0.9997406284	1938.8432130699	0.7947980177	44.1560532062	-0.8235214932	2068.6354237147	-1.0750117556	0.0000000000	0.0000000000	0.0106666667	0.0100000000	2400	1080	0.0000000000	0.0000000000	20.6863586696	63.4955650402	0.9997406795	0.0004098278	0.0227685263	-0.0003980988	0.9999997857	-0.0005196718	
-1.3528405906	0.2531672918	-0.5670684079	-0.0256646914	0.0004180618	0.9996705201	1938.7071754025	0.7680564261	49.7723993605	-0.7967951217	2068.6355239597	-0.8855588277	0.0000000000	0.0000000000	0.0106666667	0.0100000000	2400	1080	0.0000000000	0.0000000000	20.6863586696	63.4955650402	0.9996705334	0.0003960389	0.0256645262	-0.0003851790	0.9999998342	-0.0004280883	
-1.4667036179	0.2779228408	-0.5595419184	-0.0295546491	0.0001966927	0.9995631466	1938.4988081054	0.7607039897	57.3165413237	-0.7990377925	2068.6356678088	-0.4306888867	0.0000000000	0.0000000000	0.0106666667	0.0100000000	2400	1080	0.0000000000	0.0000000000	20.6863586696	63.4955650402	0.9995630913	0.0003922477	0.0295545703	-0.0003862631	0.9999999037	-0.0002081995	
-1.6887526874	0.2362975417	-0.1646982250	-0.0336220924	0.0004642157	0.9994345098	1938.2495752662	0.5800564231	65.2046096596	-0.5860900309	2068.6355515409	-0.9805531500	0.0000000000	0.0000000000	0.0106666667	0.0100000000	2400	1080	0.0000000000	-0.0000000000	20.6863586696	63.4955650402	0.9994345775	0.0002990990	0.0336219558	-0.0002833220	0.9999998475	-0.0004740095	
-1.8033941708	0.2989292999	-0.2637371199	-0.0385615695	-0.0001616999	0.9992562130	1937.9035486003	0.7292678171	74.7843439270	-0.7902058857	2068.6356936614	0.3042528985	0.0000000000	0.0000000000	0.0106666667	0.0100000000	2400	1080	0.0000000000	0.0000000000	20.6863586696	63.4955650402	0.9992561531	0.0003760380	0.0385616280	-0.0003819937	0.9999999162	0.0001470790	
-1.9127309079	0.3121004711	-0.2632741971	-0.0434163554	-0.0002554366	0.9990570328	1937.5172438895	0.8705336557	84.1995570538	-0.9506351133	2068.6355910677	0.4875918917	0.0000000000	0.0000000000	0.0106666667	0.0100000000	2400	1080	0.0000000000	0.0000000000	20.6863586696	63.4955650402	0.9990569598	0.0004488800	0.0434164670	-0.0004595469	0.9999998666	0.0002357070	
-2.0480553321	0.3224356492	-0.2562049081	-0.0479771120	-0.0001976312	0.9988484158	1937.1127671141	0.5235416397	93.0443281107	-0.5774156828	2068.6357511861	0.3815636976	0.0000000000	0.0000000000	0.0106666667	0.0100000000	2400	1080	0.0000000000	0.0000000000	20.6863586696	63.4955650402	0.9988483963	0.0002699578	0.0479771645	-0.0002791287	0.9999999440	0.0001844518	
-2.1615072774	0.3327098609	-0.2474827459	-0.0523796603	-0.0002833537	0.9986272032	1936.6837921126	0.5385922939	101.5824438204	-0.6044124554	2068.6357041437	0.5552589106	0.0000000000	0.0000000000	0.0106666667	0.0100000000	2400	1080	-0.0000000000	0.0000000000	20.6863586696	63.4955650402	0.9986272006	0.0002777185	0.0523797390	-0.0002921792	0.9999999213	0.0002684179	
-2.2629339457	0.3550946615	-0.2474995322	-0.0569794193	-0.0004148281	0.9983752670	1936.1952754233	0.5688181507	110.5030564298	-0.6546493336	2068.6355999953	0.8221625105	0.0000000000	0.0000000000	0.0106666667	0.0100000000	2400	1080	-0.0000000000	0.0000000000	20.6863586696	63.4955650402	0.9983753030	0.0002933041	0.0569795433	-0.0003164643	0.9999998709	0.0003974419	
-2.3910024426	0.3849204820	-0.2444358286	-0.0613570103	-0.0005900275	0.9981157093	1935.6921337153	0.3134222794	118.9926839980	-0.4085767009	2068.6354798683	1.1977396752	0.0000000000	0.0000000000	0.0106666667	0.0100000000	2400	1080	-0.0000000000	0.0000000000	20.6863586696	63.4955650402	0.9981158642	0.0001616123	0.0613571154	-0.0001975102	0.9999998129	0.0005789998	
-2.5175719609	0.3918450079	-0.2445722559	-0.0656345503	-0.0004086547	0.9978436445	1935.1643452428	0.2440403805	127.2882200018	-0.3152331487	2068.6356778549	0.8264497052	0.0000000000	0.0000000000	0.0106666667	0.0100000000	2400	1080	0.0000000000	0.0000000000	20.6863586696	63.4955650402	0.9978437165	0.0001258364	0.0656346066	-0.0001523870	0.9999999086	0.0003995143	
-2.6327477924	0.4410049744	-0.2501966900	-0.0700707612	-0.0007991753	0.9975417033	1934.5792570182	-0.0517729311	135.8914612490	-0.0607524741	2068.6352056262	1.6530088210	0.0000000000	0.0000000000	0.0106666667	0.0100000000	2400	1080	-0.0000000000	-0.0000000000	20.6863586696	63.4955650402	0.9975420230	-0.0000266961	0.0700707622	-0.0000293684	0.9999996803	0.0007990816	
-2.7568305056	0.4752651186	-0.2522611675	-0.0743681425	-0.0011221301	0.9972302243	1933.9757941809	-0.2422778974	144.2253876045	0.0850850067	2068.6345484316	2.3340695500	0.0000000000	0.0000000000	0.0106666667	0.0100000000	2400	1080	-0.0000000000	-0.0000000000	20.6863586696	63.4955650402	0.9972308548	-0.0001249276	0.0743680490	0.0000411310	0.9999993626	0.0011283134	
-2.8849571973	0.4876735483	-0.2559114799	-0.0784485546	-0.0010968146	0.9969175599	1933.3693650177	-0.3848182497	152.1385681932	0.2312152256	2068.6345819513	2.2941185076	0.0000000000	0.0000000000	0.0106666667	0.0100000000	2400	1080	-0.0000000000	-0.0000000000	20.6863586696	63.4955650402	0.9969181570	-0.0001984268	0.0784483833	0.0001117718	0.9999993788	0.0011090006	
-3.0033618680	0.5180779084	-0.2647214079	-0.0824910208	-0.0012625357	0.9965910081	1932.7364296497	-0.5522224551	159.9780677505	0.3715860343	2068.6341343998	2.6514156671	0.0000000000	0.0000000000	0.0106666667	0.0100000000	2400	1080	-0.0000000000	-0.0000000000	20.6863586696	63.4955650402	0.9965917917	-0.0002847467	0.0824907249	0.0001796285	0.9999991625	0.0012817218	
-3.1152286704	0.5420793843	-0.2679277627	-0.0865656623	-0.0014566324	0.9962450825	1932.0660494593	-0.7133291482	167.8799133141	0.4971854163	2068.6335324344	3.0677972272	0.0000000000	0.0000000000	0.0106666667	0.0100000000	2400	1080	-0.0000000000	0.0000000000	20.6863586696	63.4955650402	0.9962461184	-0.0003678194	0.0865652145	0.0002403446	0.9999988715	0.0014830049	
-3.2411240434	0.5622041543	-0.2728602793	-0.0903468387	-0.0014818018	0.9959092594	1931.4147103725	-1.1229601256	175.2122972945	0.9159855849	2068.6332490770	3.1609917151	0.0000000000	0.0000000000	0.0106666667	0.0100000000	2400	1080	0.0000000000	0.0000000000	20.6863586696	63.4955650402	0.9959102634	-0.0005790406	0.0903460682	0.0004427969	0.9999987345	0.0015280561	
-3.3654541230	0.5837381777	-0.2804045872	-0.0942952037	-0.0015429799	0.9955430848	1930.7046344022	-1.3800148249	182.8690894132	1.1644809443	2068.6328807358	3.3164450521	0.0000000000	0.0000000000	0.0106666667	0.0100000000	2400	1080	0.0000000000	0.0000000000	20.6863586696	63.4955650402	0.9955441214	-0.0007115877	0.0942941990	0.0005629221	0.9999985564	0.0016032039	
-3.4925095140	0.6015003352	-0.2888590604	-0.0981181972	-0.0015886652	0.9951735002	1929.9879196207	-1.5696698790	190.2828417393	1.3437846738	2068.6325789102	3.4347924227	0.0000000000	0.0000000000	0.0106666667	0.0100000000	2400	1080	0.0000000000	0.0000000000	20.6863586696	63.4955650402	0.9951745562	-0.0008093810	0.0981170093	0.0006495994	0.9999984105	0.0016604142	
-3.6071500252	0.6199336004	-0.2960719703	-0.1021141459	-0.0015768728	0.9947714384	1929.2077858235	-2.0495190051	198.0315939336	1.8416344948	2068.6321399255	3.4681601346	0.0000000000	0.0000000000	0.0106666667	0.0100000000	2400	1080	0.0000000000	0.0000000000	20.6863586696	63.4955650402	0.9947722898	-0.0010568093	0.1021125581	0.0008902652	0.9999981983	0.0016765445	
-3.7272682044	0.6614221098	-0.3034274465	-0.1061450215	-0.0019087516	0.9943488277	1928.3892730372	-2.1901091963	205.8480232181	1.9038077494	2068.6307795006	4.1741710150	0.0000000000	0.0000000000	0.0106666667	0.0100000000	2400	1080	-0.0000000000	0.0000000000	20.6863586696	63.4955650402	0.9943502338	-0.0011293029	0.1061430038	0.0009203204	0.9999975407	0.0020178375	
-3.8380583436	0.6955541953	-0.3740490439	-0.1101501641	-0.0021629321	0.9939126033	1927.5438990404	-2.6479713644	213.6139019955	2.3144743856	2068.6290998481	4.7582092229	0.0000000000	0.0000000000	0.0106666667	0.0100000000	2400	1080	-0.0000000000	0.0000000000	20.6863586696	63.4955650402	0.9939143271	-0.0013653939	0.1101473838	0.0011188409	0.9999967287	0.0023001676	
-3.9607944297	0.7039068516	-0.3960093036	-0.1142907801	-0.0020208871	0.9934452847	1926.6362240065	-3.2631645933	221.6429690035	2.9801173933	2068.6287144727	4.5508948941	0.0000000000	0.0000000000	0.0106666667	0.0100000000	2400	1080	-0.0000000000	0.0000000000	20.6863586696	63.4955650402	0.9934462956	-0.0016826107	0.1142874736	0.0014406196	0.9999965424	0.0021999497	
-4.0642723413	0.7344400654	-0.4686161542	-0.1187082990	-0.0020193800	0.9929271181	1925.6310553252	-3.4566278907	230.2096524837	3.1651187097	2068.6283632515	4.5855054437	0.0000000000	0.0000000000	0.0106666667	0.0100000000	2400	1080	0.0000000000	0.0000000000	20.6863586696	63.4955650402	0.9929279927	-0.0017823677	0.1187047786	0.0015300512	0.9999963726	0.0022166808	
-4.2143295331	0.7407873321	-0.4878551956	-0.1227599361	-0.0020218252	0.9924343355	1924.6750949124	-3.6618263370	238.0667210214	3.3629790843	2068.6279513282	4.6302743231	0.0000000000	0.0000000000	0.0106666667	0.0100000000	2400	1080	0.0000000000	0.0000000000	20.6863586696	63.4955650402	0.9924350635	-0.0018881758	0.1227561795	0.0016256989	0.9999961735	0.0022383226	
-4.3311834997	0.7569462265	-0.4831374005	-0.1271366292	-0.0019769786	0.9918832437	1923.6056204689	-3.9875900183	246.5540704025	3.6989777032	2068.6274515233	4.5972223280	0.0000000000	0.0000000000	0.0106666667	0.0100000000	2400	1080	0.0000000000	0.0000000000	20.6863586696	63.4955650402	0.9918836021	-0.0020561518	0.1271325769	0.0017881241	0.9999959319	0.0022223449	
-4.4645295056	0.7740495534	-0.4902669849	-0.1315594399	-0.0019976758	0.9913062711	1922.4864639517	-4.1697644733	255.1309518512	3.8654343812	2068.6269577568	4.6816817524	0.0000000000	0.0000000000	0.0106666667	0.0100000000	2400	1080	-0.0000000000	0.0000000000	20.6863586696	63.4955650402	0.9913065228	-0.0021500878	0.1315551404	0.0018685910	0.9999956932	0.0022631734	
-4.6150312380	0.7761324457	-0.5090902984	-0.1358900881	-0.0020459577	0.9907218066	1921.3535275708	-4.0089513706	263.5297782151	3.6614237485	2068.6271175245	4.7741704617	0.0000000000	0.0000000000	0.0106666667	0.0100000000	2400	1080	0.0000000000	-0.0000000000	20.6863586696	63.4955650402	0.9907223381	-0.0020671665	0.1358858920	0.0017699702	0.9999957704	0.0023078834	
-4.7633485524	0.7695650439	-0.5232593110	-0.1403053362	-0.0017360718	0.9901067613	1920.1593699851	-4.0686661351	272.0934277418	3.7931094637	2068.6281970966	4.1646827819	0.0000000000	0.0000000000	0.0106666667	0.0100000000	2400	1080	0.0000000000	0.0000000000	20.6863586696	63.4955650402	0.9901065854	-0.0020979577	0.1403016327	0.0018336284	0.9999962923	0.0020132508	
-4.8932145055	0.7697826453	-0.5379207706	-0.1448360921	-0.0015936208	0.9894543783	1918.8932125733	-4.3073723982	280.8801860033	4.0686207817	2068.6281378400	3.9273077829	0.0000000000	0.0000000000	0.0106666667	0.0100000000	2400	1080	0.0000000000	-0.0000000000	20.6863586696	63.4955650402	0.9894537069	-0.0022210437	0.1448324166	0.0019668134	0.9999962637	0.0018985013	
-5.0489973294	0.7889685624	-0.5533078409	-0.1492035871	-0.0016049943	0.9888051950	1917.6344431515	-4.2309081047	289.3503679995	3.9670807699	2068.6282797572	3.9563296189	0.0000000000	0.0000000000	0.0106666667	0.0100000000	2400	1080	0.0000000000	0.0000000000	20.6863586696	63.4955650402	0.9888046379	-0.0021816158	0.1491999619	0.0019177279	0.9999963323	0.0019125307	
-5.1961366181	0.7930754264	-0.5759711536	-0.1536506211	-0.0016264051	0.9881238998	1916.3130719306	-4.3425838475	297.9744048060	4.0601427141	2068.6279448892	4.0362048674	0.0000000000	0.0000000000	0.0106666667	0.0100000000	2400	1080	-0.0000000000	-0.0000000000	20.6863586696	63.4955650402	0.9881232891	-0.0022392000	0.1536468405	0.0019627150	0.9999961704	0.0019511432	
-5.3312753154	0.7869194246	-0.6030165604	-0.1580858890	-0.0014905815	0.9874242401	1914.9556189144	-4.3953077727	306.5763403519	4.1419268483	2068.6282560851	3.7858490975	0.0000000000	0.0000000000	0.0106666667	0.0100000000	2400	1080	-0.0000000000	0.0000000000	20.6863586696	63.4955650402	0.9874233351	-0.0022663864	0.1580823229	0.0020022503	0.9999963208	0.0018301187	
-5.4649503809	0.7613529962	-0.6201177173	-0.1625673399	-0.0011641751	0.9866967643	1913.5431739566	-4.6724201248	315.2682722701	4.5261166408	2068.6284613215	3.1864343455	0.0000000000	0.0000000000	0.0106666667	0.0100000000	2400	1080	-0.0000000000	0.0000000000	20.6863586696	63.4955650402	0.9866950252	-0.0024092760	0.1625642108	0.0021879717	0.9999964200	0.0015403554	
-5.6053074181	0.7909405327	-0.6410619028	-0.1669838220	-0.0013691954	0.9859586850	1912.1120516263	-4.8614112183	323.8321514496	4.6397451925	2068.6274285909	3.6584875329	0.0000000000	0.0000000000	0.0106666667	0.0100000000	2400	1080	0.0000000000	0.0000000000	20.6863586696	63.4955650402	0.9859570846	-0.0025067270	0.1669800698	0.0022429009	0.9999959208	0.0017685508	
-5.7222105226	0.7955250335	-0.6623314879	-0.1714069771	-0.0014216794	0.9851992829	1910.6386166764	-5.2518475870	332.4092179344	5.0149729533	2068.6261911951	3.8576201119	0.0000000000	0.0000000000	0.0106666667	0.0100000000	2400	1080	0.0000000000	-0.0000000000	20.6863586696	63.4955650402	0.9851973259	-0.0027080507	0.1714027288	0.0024242899	0.9999953226	0.0018648135	
-5.8497047180	0.7883451971	-0.6847099355	-0.1758848249	-0.0012279765	0.9844099860	1909.1065967967	-5.5174317870	341.0937607460	5.3467304853	2068.6259354927	3.5357552377	0.0000000000	0.0000000000	0.0106666667	0.0100000000	2400	1080	0.0000000000	0.0000000000	20.6863586696	63.4955650402	0.9844073587	-0.0028449959	0.1758808066	0.0025846649	0.9999951990	0.0017092207	
-5.9740633475	0.7964295721	-0.7052294563	-0.1803554194	-0.0013469776	0.9836005838	1907.5364854470	-5.8384458193	349.7625806811	5.6230147838	2068.6246160392	3.8638978483	0.0000000000	0.0000000000	0.0106666667	0.0100000000	2400	1080	0.0000000000	0.0000000000	20.6863586696	63.4955650402	0.9835977501	-0.0030105228	0.1803507771	0.0027182236	0.9999945612	0.0018678482	
-6.1048137364	0.7848906215	-0.7303247653	-0.1849659434	-0.0011533347	0.9827442544	1905.8733322508	-6.4605815904	358.7039111953	6.3310866894	2068.6230125534	3.6193039061	0.0000000000	0.0000000000	0.0106666667	0.0100000000	2400	1080	0.0000000000	0.0000000000	20.6863586696	63.4955650402	0.9827401656	-0.0033313195	0.1849612643	0.0030605129	0.9999937860	0.0017496090	
-6.2216226484	0.7911363601	-0.7512178406	-0.1895932279	-0.0012578322	0.9818619179	1904.1615923330	-6.7800749711	367.6765623117	6.6075968099	2068.6215885747	3.9259434575	0.0000000000	0.0000000000	0.0106666667	0.0100000000	2400	1080	-0.0000000000	-0.0000000000	20.6863586696	63.4955650402	0.9818575279	-0.0034960623	0.1895879016	0.0031941807	0.9999930977	0.0018978417	
-6.3324508713	0.7760756186	-0.7765577360	-0.1943198581	-0.0009582542	0.9809377526	1902.3661262634	-7.4296444559	376.8438876176	7.3887002631	2068.6197368675	3.4844563092	0.0000000000	0.0000000000	0.0106666667	0.0100000000	2400	1080	0.0000000000	0.0000000000	20.6863586696	63.4955650402	0.9809317179	-0.0038310049	0.1943149202	0.0035717742	0.9999922025	0.0016844223	
-6.4487101159	0.7829814493	-0.8151357405	-0.1990810818	-0.0008899887	0.9799826176	1900.5122652600	-7.7973200083	386.0773562421	7.7841425043	2068.6183277091	3.4599821784	0.0000000000	0.0000000000	0.0106666667	0.0100000000	2400	1080	0.0000000000	0.0000000000	20.6863586696	63.4955650402	0.9799757973	-0.0040205923	0.1990760449	0.0037629351	0.9999915213	0.0016725912	
-6.5940862980	0.7971958224	-0.8454031673	-0.2037214404	-0.0009241157	0.9790284576	1898.6593487042	-8.4685238170	395.0751261323	8.4542193910	2068.6152612056	3.7117875265	0.0000000000	0.0000000000	0.0106666667	0.0100000000	2400	1080	0.0000000000	0.0000000000	20.6863586696	63.4955650402	0.9790203636	-0.0043666903	0.2037156343	0.0040868572	0.9999900390	0.0017943165	
-6.7128995754	0.8107670122	-0.8687997267	-0.2085326488	-0.0007964604	0.9780150817	1896.6908712933	-9.1271118826	404.4055244273	9.1779840744	2068.6123014979	3.6415360765	0.0000000000	0.0000000000	0.0106666667	0.0100000000	2400	1080	0.0000000000	0.0000000000	20.6863586696	63.4955650402	0.9780053424	-0.0047062831	0.2085267396	0.0044367325	0.9999886082	0.0017603562	
-6.8472158336	0.8123476219	-0.9025513008	-0.2132794915	-0.0006738674	0.9769909950	1894.7021693621	-9.6270651712	413.6114150222	9.7352925158	2068.6099093851	3.5520358218	0.0000000000	0.0000000000	0.0106666667	0.0100000000	2400	1080	0.0000000000	0.0000000000	20.6863586696	63.4955650402	0.9769798927	-0.0049640779	0.2132736440	0.0047061412	0.9999874518	0.0017170909	
-6.9854308721	0.8096435083	-0.9444088758	-0.2180040281	-0.0004508699	0.9759477652	1892.6758205716	-10.1427978717	422.7750648758	10.3554393100	2068.6073648131	3.2688228296	0.0000000000	0.0000000000	0.0106666667	0.0100000000	2400	1080	0.0000000000	0.0000000000	20.6863586696	63.4955650402	0.9759350308	-0.0052300091	0.2179987674	0.0050059266	0.9999862218	0.0015801828	
-7.1086156789	0.8317941312	-0.9758169759	-0.2229926503	-0.0005218400	0.9748199862	1890.4864244252	-10.6364523040	432.4480761342	10.8191547446	2068.6044724128	3.5822743206	0.0000000000	0.0000000000	0.0106666667	0.0100000000	2400	1080	0.0000000000	0.0000000000	20.6863586696	63.4955650402	0.9748060956	-0.0054845559	0.2229865368	0.0052300914	0.9999848235	0.0017317085	
-7.2496951277	0.8449438471	-1.0030365105	-0.2277389314	-0.0004878404	0.9737221067	1888.3549816659	-11.0522342644	441.6522443523	11.2494389409	2068.6020279347	3.6674559414	0.0000000000	0.0000000000	0.0106666667	0.0100000000	2400	1080	-0.0000000000	0.0000000000	20.6863586696	63.4955650402	0.9737070433	-0.0056989488	0.2277325530	0.0054380953	0.9999836419	0.0017728862	
-7.3719271863	0.8412050147	-1.0408139229	-0.2325529166	-0.0003521635	0.9725836812	1886.1430872927	-11.7096702891	450.9883939591	11.9784667444	2068.5980304079	3.6131720287	0.0000000000	0.0000000000	0.0106666667	0.0100000000	2400	1080	0.0000000000	-0.0000000000	20.6863586696	63.4955650402	0.9725665072	-0.0060379476	0.2325466239	0.0057905149	0.9999817094	0.0017466448	
-7.5059185206	0.8460790798	-1.0692689165	-0.2372444761	-0.0001352596	0.9714499680	1883.9397451375	-12.3822589751	460.0881545529	12.7642813147	2068.5936834774	3.4052730996	0.0000000000	0.0000000000	0.0106666667	0.0100000000	2400	1080	0.0000000000	0.0000000000	20.6863586696	63.4955650402	0.9714303809	-0.0063847597	0.2372388036	0.0061703858	0.9999796081	0.0016461443	
-7.6486393108	0.8520446014	-1.1029258080	-0.2417843551	-0.0000063572	0.9703300086	1881.7629433959	-13.0827640640	468.8928019840	13.5377255884	2068.5887965783	3.3868483674	0.0000000000	0.0000000000	0.0106666667	0.0100000000	2400	1080	-0.0000000000	-0.0000000000	20.6863586696	63.4955650402	0.9703079398	-0.0067459665	0.2417788119	0.0065442767	0.9999772457	0.0016372376	
-7.7790047544	0.8687788517	-1.1364168135	-0.2463693670	0.0000809873	0.9691760049	1879.5229974687	-13.3408520592	477.7852208457	13.8328834711	2068.5869143511	3.3435303587	0.0000000000	0.0000000000	0.0106666667	0.0100000000	2400	1080	-0.0000000000	0.0000000000	20.6863586696	63.4955650402	0.9691529392	-0.0068790464	0.2463640784	0.0066869591	0.9999763358	0.0016162972	
-7.9194529619	0.8824058885	-1.1700217717	-0.2507365531	0.0000964688	0.9680553557	1877.3444221037	-14.1040171569	486.2534227152	14.6137361479	2068.5811513574	3.5789732773	0.0000000000	0.0000000000	0.0106666667	0.0100000000	2400	1080	-0.0000000000	0.0000000000	20.6863586696	63.4955650402	0.9680295836	-0.0072725631	0.2507306026	0.0070644314	0.9999735499	0.0017301127	
-8.0521099894	0.8961686573	-1.2023425987	-0.2550064934	0.0002599485	0.9669393056	1875.1742751089	-14.8263652676	494.5351458376	15.4290656245	2068.5753438904	3.5129286535	0.0000000000	0.0000000000	0.0106666667	0.0100000000	2400	1080	-0.0000000000	0.0000000000	20.6863586696	63.4955650402	0.9669105740	-0.0076450331	0.2550009714	0.0074585701	0.9999707425	0.0016981861	
-8.1854410526	0.9365846272	-1.2318095218	-0.2590685207	0.0001152948	0.9658589381	1873.0748555404	-15.4555314281	502.4093009653	15.9848409105	2068.5701603514	4.0406249274	0.0000000000	0.0000000000	0.0106666667	0.0100000000	2400	1080	-0.0000000000	-0.0000000000	20.6863586696	63.4955650402	0.9658280341	-0.0079694549	0.2590611827	0.0077272376	0.9999682367	0.0019532799	
-8.3243028816	0.9274822694	-1.2654855289	-0.2631346420	0.0004164963	0.9647590304	1870.9381171551	-15.7882206610	510.2986257776	16.4739903206	2068.5671360330	3.6002016672	0.0000000000	0.0000000000	0.0106666667	0.0100000000	2400	1080	0.0000000000	0.0000000000	20.6863586696	63.4955650402	0.9647262512	-0.0081410020	0.2631292161	0.0079636975	0.9999667748	0.0017403748	
-8.4398301923	0.9314470944	-1.2887193987	-0.2672418824	0.0006688767	0.9636292487	1868.7409023740	-16.4493554185	518.2665840150	17.2775855354	2068.5609911677	3.3557327791	0.0000000000	0.0000000000	0.0106666667	0.0100000000	2400	1080	0.0000000000	0.0000000000	20.6863586696	63.4955650402	0.9635932844	-0.0084819080	0.2672377959	0.0083521638	0.9999638043	0.0016221960	
-8.5596583076	0.9636357593	-1.3191028761	-0.2711245055	0.0004685532	0.9625441720	1866.6324949723	-17.0163830748	525.7917506261	17.7337405511	2068.5560081263	3.9882045950	0.0000000000	0.0000000000	0.0106666667	0.0100000000	2400	1080	0.0000000000	0.0000000000	20.6863586696	63.4955650402	0.9625061100	-0.0087742888	0.2711180556	0.0085726738	0.9999613954	0.0019279394	
-8.6777925122	0.9649751827	-1.3473078347	-0.2748165455	0.0006519518	0.9614964593	1864.5946271995	-17.6291673135	532.9535460851	18.4510314142	2068.5499568706	3.8711052026	0.0000000000	0.0000000000	0.0106666667	0.0100000000	2400	1080	-0.0000000000	0.0000000000	20.6863586696	63.4955650402	0.9614553085	-0.0090902635	0.2748109474	0.0089194197	0.9999584702	0.0018713323	
-8.7924069893	0.9760678601	-1.3744628414	-0.2785609180	0.0007441640	0.9604182741	1862.4972986396	-18.2953319848	540.2152228453	19.1713918604	2068.5432420627	3.9577185108	0.0000000000	0.0000000000	0.0106666667	0.0100000000	2400	1080	0.0000000000	-0.0000000000	20.6863586696	63.4955650402	0.9603738468	-0.0094337631	0.2785553418	0.0092676494	0.9999552242	0.0019132021	
-8.9030477440	0.9765079582	-1.4015731656	-0.2821730716	0.0009174829	0.9593630782	1860.4449421655	-18.8647099155	547.2221975547	19.8401847469	2068.5371252784	3.8572657746	0.0000000000	0.0000000000	0.0106666667	0.0100000000	2400	1080	0.0000000000	-0.0000000000	20.6863586696	63.4955650402	0.9593155744	-0.0097273559	0.2821684022	0.0095909508	0.9999522672	0.0018646422	
-8.9843927366	0.9814569055	-1.4213395472	-0.2858705879	0.0010020915	0.9582677094	1858.3142917814	-19.4876402869	554.3930180323	20.5119242309	2068.5303868156	3.9559916506	0.0000000000	0.0000000000	0.0106666667	0.0100000000	2400	1080	0.0000000000	-0.0000000000	20.6863586696	63.4955650402	0.9582169307	-0.0100485623	0.2858659477	0.0099156766	0.9999490098	0.0019123673	
-9.0946082237	0.9971772704	-1.4480796605	-0.2892844318	0.0009662937	0.9572426985	1856.3190966140	-20.2328048388	561.0110861297	21.2371265909	2068.5223195463	4.3299050736	0.0000000000	0.0000000000	0.0106666667	0.0100000000	2400	1080	0.0000000000	0.0000000000	20.6863586696	63.4955650402	0.9571881329	-0.0104327972	0.2892784732	0.0102662469	0.9999451100	0.0020931210	
-9.2128017577	0.9965711381	-1.4826418932	-0.2927593223	0.0011720204	0.9561854452	1854.2622054786	-20.7821194539	567.7527370702	21.9061097707	2068.5156682360	4.1716545567	0.0000000000	0.0000000000	0.0106666667	0.0100000000	2400	1080	0.0000000000	0.0000000000	20.6863586696	63.4955650402	0.9561275222	-0.0107160445	0.2927547227	0.0105896403	0.9999418947	0.0020166210	
-9.3017188871	1.0250174208	-1.5013480087	-0.2961277015	0.0010062903	0.9551478272	1852.2416869799	-21.6142134754	574.2795072051	22.6375050101	2068.5063394573	4.8391194403	0.0000000000	0.0000000000	0.0106666667	0.0100000000	2400	1080	0.0000000000	0.0000000000	20.6863586696	63.4955650402	0.9550856667	-0.0111451036	0.2961201715	0.0109432043	0.9999373851	0.0023392804	
-9.3994764315	1.0252983073	-1.5322670183	-0.2994930514	0.0010417691	0.9540979126	1850.1983813327	-22.2490057675	580.8048941443	23.2883141710	2068.4986065044	5.0516727264	0.0000000000	0.0000000000	0.0106666667	0.0100000000	2400	1080	0.0000000000	0.0000000000	20.6863586696	63.4955650402	0.9540320612	-0.0114724264	0.2994849071	0.0112578122	0.9999336469	0.0024420309	
-9.4976791949	1.0219072492	-1.5574898924	-0.3028505955	0.0012903540	0.9530371723	1848.1323356056	-22.9294656071	587.3197623968	24.1178490476	2068.4895519623	4.8634211431	0.0000000000	0.0000000000	0.0106666667	0.0100000000	2400	1080	0.0000000000	0.0000000000	20.6863586696	63.4955650402	0.9529667301	-0.0118232972	0.3028442189	0.0116588180	0.9999292698	0.0023510281	
-9.5966351904	1.0219432440	-1.5873118063	-0.3063078209	0.0014023011	0.9519314851	1845.9807452613	-23.5059505142	594.0252116037	24.7563270550	2068.4818778821	4.9188646156	0.0000000000	0.0000000000	0.0106666667	0.0100000000	2400	1080	0.0000000000	0.0000000000	20.6863586696	63.4955650402	0.9518572890	-0.0121205546	0.3063018013	0.0119674649	0.9999255601	0.0023778301	
-9.6970893708	1.0318695380	-1.6162093123	-0.3095225312	0.0014657673	0.9508909792	1843.9559523085	-24.0538995968	600.2593185168	25.3359750570	2068.4745222693	5.0585744688	0.0000000000	0.0000000000	0.0106666667	0.0100000000	2400	1080	0.0000000000	0.0000000000	20.6863586696	63.4955650402	0.9508132294	-0.0124030978	0.3095163420	0.0122476727	0.9999220043	0.0024453673	
-9.7993070402	1.0244991485	-1.6437306946	-0.3128134787	0.0016658145	0.9498131146	1841.8565439836	-24.7094211894	606.6443022853	26.1118817882	2068.4650828440	4.9719985648	0.0000000000	0.0000000000	0.0106666667	0.0100000000	2400	1080	0.0000000000	0.0000000000	20.6863586696	63.4955650402	0.9497306953	-0.0127411094	0.3128086804	0.0126227541	0.9999174412	0.0024035156	
-9.9019386939	1.0058815016	-1.6721105897	-0.3160093292	0.0018546659	0.9487542696	1839.7925339458	-25.4646508731	612.8444967519	26.9827391999	2068.4539734156	4.9438579786	0.0000000000	0.0000000000	0.0106666667	0.0100000000	2400	1080	0.0000000000	0.0000000000	20.6863586696	63.4955650402	0.9486664139	-0.0131305343	0.3160057345	0.0130437356	0.9999120708	0.0023899121	
-10.0000230677	0.9886802763	-1.7025447110	-0.3194364394	0.0021853172	0.9476051844	1837.5527601802	-26.2050268560	619.4970086509	27.9315378722	2068.4420702850	4.6455518730	0.0000000000	0.0000000000	0.0106666667	0.0100000000	2400	1080	0.0000000000	0.0000000000	20.6863586696	63.4955650402	0.9475115021	-0.0135123001	0.3194360205	0.0135023947	0.9999063167	0.0022457079	
-10.1124489592	0.9833688345	-1.7366230858	-0.3228989677	0.0023018119	0.9464306411	1835.2622180749	-27.0919005239	626.2124347526	28.8874965759	2068.4285293843	4.8250861059	0.0000000000	0.0000000000	0.0106666667	0.0100000000	2400	1080	0.0000000000	0.0000000000	20.6863586696	63.4955650402	0.9463304122	-0.0139696056	0.3228987475	0.0139645150	0.9998997709	0.0023324966	
-10.2119997171	0.9709448699	-1.7674200830	-0.3265855654	0.0025859061	0.9451641030	1832.7970327238	-27.6342521538	633.3678066909	29.6071816648	2068.4189297486	4.5712073321	0.0000000000	0.0000000000	0.0106666667	0.0100000000	2400	1080	0.0000000000	0.0000000000	20.6863586696	63.4955650402	0.9450592696	-0.0142492626	0.3265883271	0.0143124182	0.9998951303	0.0022097690	
-10.3111764208	0.9706508083	-1.7940620429	-0.3302196970	0.0027161583	0.9439001929	1830.3376827907	-28.1602927717	640.4173314904	30.2079793481	2068.4101429995	4.6161028624	0.0000000000	0.0000000000	0.0106666667	0.0100000000	2400	1080	0.0000000000	0.0000000000	20.6863586696	63.4955650402	0.9437911361	-0.0145205090	0.3302233279	0.0146028500	0.9998908827	0.0022314719	
-10.4286550395	0.9735963272	-1.8305168155	-0.3336966961	0.0029327299	0.9426759327	1827.9540273069	-28.7309305698	647.1645859338	30.9140434402	2068.3999485911	4.5082891896	0.0000000000	0.0000000000	0.0106666667	0.0100000000	2400	1080	0.0000000000	0.0000000000	20.6863586696	63.4955650402	0.9425620334	-0.0148147513	0.3337024668	0.0149441687	0.9998859546	0.0021793537	
-10.5419445730	0.9505273986	-1.8695777791	-0.3374212465	0.0032643739	0.9413481005	1825.3689116752	-29.2976958121	654.3954270285	31.6965564390	2068.3887769331	4.1887769435	0.0000000000	0.0000000000	0.0106666667	0.0100000000	2400	1080	0.0000000000	-0.0000000000	20.6863586696	63.4955650402	0.9412290503	-0.0151069969	0.3374309611	0.0153224436	0.9998805541	0.0020248982	
-10.6504000247	0.9546978087	-1.9137882806	-0.3412412855	0.0033817585	0.9399696531	1822.6876862784	-29.7760846960	661.8053918450	32.2417941326	2068.3801972063	4.2634025369	0.0000000000	0.0000000000	0.0106666667	0.0100000000	2400	1080	0.0000000000	0.0000000000	20.6863586696	63.4955650402	0.9398465094	-0.0153536722	0.3412518184	0.0155860172	0.9998764066	0.0020609729	
-10.7559060706	0.9399828481	-1.9504114316	-0.3446981092	0.0037749071	0.9387060049	1820.2260117679	-30.3734704720	668.5193430117	33.1043813883	2068.3674037160	3.8383932827	0.0000000000	0.0000000000	0.0106666667	0.0100000000	2400	1080	0.0000000000	0.0000000000	20.6863586696	63.4955650402	0.9385771771	-0.0156617068	0.3447137849	0.0160030008	0.9998702221	0.0018555191	
-10.8778987913	0.9431816003	-1.9948652170	-0.3481586746	0.0039034215	0.9374274908	1817.7395923047	-30.7679066049	675.2329258094	33.5769602008	2068.3597499043	3.8578238184	0.0000000000	0.0000000000	0.0106666667	0.0100000000	2400	1080	0.0000000000	-0.0000000000	20.6863586696	63.4955650402	0.9372950855	-0.0158650930	0.3481755613	0.0162314503	0.9998665222	0.0018649120	
-10.9934209114	0.9747834960	-2.0360643553	-0.3516954353	0.0037501022	0.9361069691	1815.1706089609	-31.2898525347	682.0850380260	33.9717734868	2068.3520548769	4.4772511478	0.0000000000	0.0000000000	0.0106666667	0.0100000000	2400	1080	0.0000000000	-0.0000000000	20.6863586696	63.4955650402	0.9359704208	-0.0161342280	0.3517087688	0.0164223071	0.9998628023	0.0021643496	
-11.1075361893	0.9622768843	-2.0824325782	-0.3552821123	0.0041027871	0.9347501205	1812.5291327916	-31.8040268265	689.0500999675	34.7262333654	2068.3402670200	4.1205127058	0.0000000000	0.0000000000	0.0106666667	0.0100000000	2400	1080	0.0000000000	0.0000000000	20.6863586696	63.4955650402	0.9346083761	-0.0163993556	0.3553002174	0.0167870208	0.9998571039	0.0019918985	
-11.2340586228	0.9699429338	-2.1314204246	-0.3587668420	0.0041098702	0.9334181603	1809.9368572148	-32.3353807062	695.8062874506	35.2449120748	2068.3308330536	4.4397407375	0.0000000000	0.0000000000	0.0106666667	0.0100000000	2400	1080	0.0000000000	-0.0000000000	20.6863586696	63.4955650402	0.9332717010	-0.0166733417	0.3587839625	0.0170377555	0.9998525434	0.0021462166	
-11.3584490294	0.9730169317	-2.1796866256	-0.3621580659	0.0042739218	0.9321068978	1807.3854688264	-32.7772460633	702.3865124143	35.7907649902	2068.3214968570	4.4223145291	0.0000000000	0.0000000000	0.0106666667	0.0100000000	2400	1080	0.0000000000	-0.0000000000	20.6863586696	63.4955650402	0.9319561090	-0.0169011842	0.3621769746	0.0173016264	0.9998480302	0.0021377926	
-11.4708885419	0.9567537959	-2.2262423028	-0.3654922536	0.0046755233	0.9308026386	1804.8428502431	-33.4312656934	708.8639009050	36.7277013552	2068.3058687179	4.0323027196	0.0000000000	0.0000000000	0.0106666667	0.0100000000	2400	1080	0.0000000000	-0.0000000000	20.6863586696	63.4955650402	0.9306450389	-0.0172384214	0.3655169604	0.0177545512	0.9998404754	0.0019492569	
-11.5939860268	0.9451669062	-2.2749596586	-0.3687271239	0.0049902136	0.9295242901	1802.3543023130	-33.8810350600	715.1464451447	37.3994438291	2068.2943949236	3.7319718743	0.0000000000	0.0000000000	0.0106666667	0.0100000000	2400	1080	0.0000000000	-0.0000000000	20.6863586696	63.4955650402	0.9293618498	-0.0174703394	0.3687564772	0.0180792784	0.9998349289	0.0018040739	
-11.7028784398	0.9575344840	-2.3180420867	-0.3719734878	0.0050313714	0.9282297182	1799.8336219782	-34.4141484661	721.4416076081	37.9456810837	2068.2839538090	3.9952206843	0.0000000000	0.0000000000	0.0106666667	0.0100000000	2400	1080	0.0000000000	-0.0000000000	20.6863586696	63.4955650402	0.9280620919	-0.0177452328	0.3720025003	0.0183433352	0.9998298815	0.0019313311	
-11.8170772907	0.9583305882	-2.3664836615	-0.3750988259	0.0052306242	0.9269700704	1797.3824933709	-34.8092492015	727.5079946639	38.4772833052	2068.2743157503	3.8991745651	0.0000000000	0.0000000000	0.0106666667	0.0100000000	2400	1080	0.0000000000	0.0000000000	20.6863586696	63.4955650402	0.9267981976	-0.0179489616	0.3751305583	0.0186003172	0.9998252224	0.0018849014	
-11.9352738617	0.9488376016	-2.4186006223	-0.3780472531	0.0055531140	0.9257696459	1795.0440662963	-35.2908792071	733.2358062078	39.1924979074	2068.2614315984	3.5984379335	0.0000000000	0.0000000000	0.0106666667	0.0100000000	2400	1080	0.0000000000	-0.0000000000	20.6863586696	63.4955650402	0.9255924164	-0.0181973082	0.3780840339	0.0189460593	0.9998189941	0.0017395222	
-12.0348736911	0.9605088361	-2.4541820537	-0.3809586354	0.0057563117	0.9245741630	1792.7143796672	-35.8306321865	738.8874828669	39.8734329943	2068.2484953296	3.5526037072	0.0000000000	0.0000000000	0.0106666667	0.0100000000	2400	1080	0.0000000000	-0.0000000000	20.6863586696	63.4955650402	0.9243911421	-0.0184756252	0.3809982515	0.0192752304	0.9998127405	0.0017173654	
-12.1438897257	0.9668949134	-2.5048248642	-0.3836472484	0.0058096144	0.9234614432	1790.5498082434	-36.1517164923	744.1020301008	40.2215063055	2068.2415002886	3.6982427706	0.0000000000	0.0000000000	0.0106666667	0.0100000000	2400	1080	0.0000000000	-0.0000000000	20.6863586696	63.4955650402	0.9232750074	-0.0186411884	0.3836870688	0.0194434927	0.9998093591	0.0017877689	
-12.2418055662	0.9620396696	-2.5460809718	-0.3863713108	0.0060974114	0.9223231710	1788.3366103063	-36.3817885961	749.3943736796	40.6668079338	2068.2333650187	3.3628322946	0.0000000000	0.0000000000	0.0106666667	0.0100000000	2400	1080	0.0000000000	-0.0000000000	20.6863586696	63.4955650402	0.9221337991	-0.0187598223	0.3864160007	0.0196587561	0.9998054264	0.0016256280	
-12.3443375907	0.9611910463	-2.5897948742	-0.3888717593	0.0062383763	0.9212707732	1786.2882362825	-36.7220479454	754.2474539031	41.1053108974	2068.2247241390	3.3457377467	0.0000000000	0.0000000000	0.0106666667	0.0100000000	2400	1080	0.0000000000	-0.0000000000	20.6863586696	63.4955650402	0.9210775802	-0.0189352728	0.3889184319	0.0198707330	0.9998012493	0.0016173643	
-12.4322582480	0.9675836938	-2.6296201436	-0.3912560138	0.0062607156	0.9202605800	1784.3191909632	-37.2035111254	758.8704218286	41.5871963803	2068.2146451477	3.6106479869	0.0000000000	0.0000000000	0.0106666667	0.0100000000	2400	1080	0.0000000000	-0.0000000000	20.6863586696	63.4955650402	0.9200622662	-0.0191835334	0.3913022085	0.0201036814	0.9997963770	0.0017454246	
-12.5377493369	0.9447347458	-2.6824054917	-0.3934118638	0.0066375695	0.9193383752	1782.5210845657	-37.6083940068	763.0646010562	42.2823831142	2068.2012848314	3.1615794983	0.0000000000	0.0000000000	0.0106666667	0.0100000000	2400	1080	0.0000000000	-0.0000000000	20.6863586696	63.4955650402	0.9191350947	-0.0193923063	0.3934648855	0.0204397419	0.9997899185	0.0015283403	
-12.6108547025	0.9476589212	-2.7141733109	-0.3957742584	0.0067746628	0.9183228410	1780.5492593850	-37.6905749903	767.6504081067	42.4668677714	2068.1976804619	3.0446278498	0.0000000000	0.0000000000	0.0106666667	0.0100000000	2400	1080	-0.0000000000	-0.0000000000	20.6863586696	63.4955650402	0.9181183473	-0.0194346819	0.3958295005	0.0205289236	0.9997881761	0.0014718046	
-12.6975086613	0.9533796719	-2.7520862975	-0.3978760568	0.0067718787	0.9174141840	1778.7813513879	-37.9562927373	771.7250918573	42.7175147475	2068.1921904668	3.2599556945	0.0000000000	0.0000000000	0.0106666667	0.0100000000	2400	1080	-0.0000000000	-0.0000000000	20.6863586696	63.4955650402	0.9172067473	-0.0195716960	0.3979305611	0.0206500890	0.9997855222	0.0015758963	
-12.7857923614	0.9520046785	-2.7988386733	-0.3998261706	0.0068650095	0.9165652759	1777.1239635550	-38.4634025902	775.5091091829	43.2833030845	2068.1802168781	3.3906154633	0.0000000000	0.0000000000	0.0106666667	0.0100000000	2400	1080	-0.0000000000	-0.0000000000	20.6863586696	63.4955650402	0.9163521356	-0.0198331809	0.3998817432	0.0209235969	0.9997797340	0.0016390586	
-12.8513698253	0.9464040768	-2.8297208047	-0.4020330278	0.0070444255	0.9155980672	1775.2457081025	-38.5435672711	779.7951416183	43.5025328031	2068.1759370303	3.1895475801	0.0000000000	0.0000000000	0.0106666667	0.0100000000	2400	1080	0.0000000000	-0.0000000000	20.6863586696	63.4955650402	0.9153836363	-0.0198745169	0.4020917831	0.0210295749	0.9997776651	0.0015418603	
-12.9332046754	0.9428899166	-2.8736495541	-0.4040350881	0.0071999025	0.9147151518	1773.5332222623	-38.5199160985	783.6833028729	43.6023405178	2068.1741472035	2.9804069350	0.0000000000	0.0000000000	0.0106666667	0.0100000000	2400	1080	0.0000000000	0.0000000000	20.6863586696	63.4955650402	0.9145006140	-0.0198623214	0.4040966657	0.0210778229	0.9997767999	0.0014407596	
-13.0169832374	0.9501001558	-2.9106475974	-0.4059988342	0.0072456735	0.9138448702	1771.8402551303	-38.7470464545	787.4923303097	43.8556820501	2068.1686358077	3.0859517501	0.0000000000	0.0000000000	0.0106666667	0.0100000000	2400	1080	0.0000000000	0.0000000000	20.6863586696	63.4955650402	0.9136276563	-0.0199794384	0.4060607439	0.0212002909	0.9997741356	0.0014917810	
-13.0836150475	0.9621918720	-2.9461338388	-0.4082040488	0.0073051101	0.9128614845	1769.9302146637	-38.8623991666	791.7702588235	44.0106200271	2068.1652785307	3.1298705870	0.0000000000	0.0000000000	0.0106666667	0.0100000000	2400	1080	0.0000000000	0.0000000000	20.6863586696	63.4955650402	0.9126427674	-0.0200389186	0.4082666052	0.0212751895	0.9997725127	0.0015130119	
-13.1546211196	0.9452247667	-2.9830846145	-0.4103004199	0.0075367037	0.9119192747	1768.1067089480	-38.6420472352	795.8447408662	43.9855719593	2068.1664201957	2.6977619012	0.0000000000	0.0000000000	0.0106666667	0.0100000000	2400	1080	0.0000000000	0.0000000000	20.6863586696	63.4955650402	0.9117024991	-0.0199252968	0.4103675618	0.0212630810	0.9997730646	0.0013041260	
-13.2425594753	0.9470790588	-3.0351731337	-0.4122963253	0.0076742735	0.9110174783	1766.3619529920	-38.4178874408	799.7205202774	43.8790836934	2068.1690067925	2.4362762914	0.0000000000	0.0000000000	0.0106666667	0.0100000000	2400	1080	0.0000000000	0.0000000000	20.6863586696	63.4955650402	0.9108028371	-0.0198097116	0.4123660598	0.0212116035	0.9997743150	0.0011777212	
-13.3241282871	0.9381139570	-3.0827337878	-0.4142346003	0.0079639505	0.9101353039	1764.6481702178	-38.5134248561	803.4904760224	44.2148117666	2068.1622985227	2.0266905987	0.0000000000	0.0000000000	0.0106666667	0.0100000000	2400	1080	0.0000000000	-0.0000000000	20.6863586696	63.4955650402	0.9099191461	-0.0198589743	0.4143099912	0.0213738979	0.9997710721	0.0009797232	
-13.3999162632	0.9478474082	-3.1208440766	-0.4163860329	0.0079777577	0.9091529173	1762.7469133287	-38.3117420495	807.6626298012	44.0262067032	2068.1663328210	2.0156870291	0.0000000000	0.0000000000	0.0106666667	0.0100000000	2400	1080	0.0000000000	0.0000000000	20.6863586696	63.4955650402	0.9089387863	-0.0197549790	0.4164613110	0.0212827242	0.9997730223	0.0009744040	
-13.4918620065	0.9528693932	-3.1762585986	-0.4183200435	0.0081025904	0.9082635571	1761.0211537376	-38.3323143561	811.4176010975	44.1497905836	2068.1638223916	1.8840984308	0.0000000000	0.0000000000	0.0106666667	0.0100000000	2400	1080	0.0000000000	-0.0000000000	20.6863586696	63.4955650402	0.9080489196	-0.0197655869	0.4183975158	0.0213424660	0.9997718088	0.0009107927	
-13.5598292305	0.9439916901	-3.2124027612	-0.4205051795	0.0083996284	0.9072512553	1759.0620194799	-38.1031594996	815.6668158417	44.1817999020	2068.1635692274	1.3302492742	0.0000000000	0.0000000000	0.0106666667	0.0100000000	2400	1080	0.0000000000	-0.0000000000	20.6863586696	63.4955650402	0.9070387161	-0.0196474260	0.4205885712	0.0213579396	0.9997716864	0.0006430563	
-13.6488695467	0.9432645444	-3.2589639021	-0.4225947424	0.0085436884	0.9062784832	1757.1826899703	-37.7394893715	819.7244162624	43.9530209574	2068.1686309135	0.9980677047	0.0000000000	0.0000000000	0.0106666667	0.0100000000	2400	1080	0.0000000000	-0.0000000000	20.6863586696	63.4955650402	0.9060696629	-0.0194599040	0.4226808230	0.0212473455	0.9997741333	0.0004824763	
-13.7262344248	0.9522136117	-3.3071721034	-0.4246735534	0.0085245852	0.9053064147	1755.2977993586	-37.7089425264	823.7542502629	43.9043315516	2068.1696021922	1.1208586892	0.0000000000	0.0000000000	0.0106666667	0.0100000000	2400	1080	0.0000000000	-0.0000000000	20.6863586696	63.4955650402	0.9050977422	-0.0194441529	0.4247587574	0.0212238085	0.9997746028	0.0005418347	
-13.8164747448	0.9450557035	-3.3588460802	-0.4266187772	0.0087665728	0.9043890569	1753.5214944317	-37.5516654520	827.5358811518	43.9637000767	2068.1685293013	0.6910632691	0.0000000000	0.0000000000	0.0106666667	0.0100000000	2400	1080	0.0000000000	-0.0000000000	20.6863586696	63.4955650402	0.9041818124	-0.0193630549	0.4267087089	0.0212525079	0.9997740841	0.0003340671	
-13.9069980566	0.9423505023	-3.4109709065	-0.4285077453	0.0088830250	0.9034944405	1751.7901841008	-37.3589186066	831.2032577501	43.8796529301	2068.1703746086	0.4772158931	0.0000000000	0.0000000000	0.0106666667	0.0100000000	2400	1080	0.0000000000	-0.0000000000	20.6863586696	63.4955650402	0.9032890835	-0.0192636673	0.4285997465	0.0212118786	0.9997749762	0.0002306911	
-13.9948322497	0.9429872255	-3.4630722849	-0.4304170560	0.0090196108	0.9025850678	1750.0310207423	-37.1299641871	834.9108849483	43.7797573418	2068.1725360517	0.2098891881	0.0000000000	0.0000000000	0.0106666667	0.0100000000	2400	1080	0.0000000000	0.0000000000	20.6863586696	63.4955650402	0.9023819925	-0.0191456098	0.4305115390	0.0211635881	0.9997760210	0.0001014626	
-14.0685478087	0.9333848064	-3.5028280690	-0.4324750372	0.0092011280	0.9015989582	1748.1205712640	-37.0168661887	838.9085847380	43.8328248303	2068.1714210900	-0.0808646306	0.0000000000	0.0000000000	0.0106666667	0.0100000000	2400	1080	-0.0000000000	0.0000000000	20.6863586696	63.4955650402	0.9013968927	-0.0190872922	0.4325729037	0.0211892414	0.9997754821	-0.0000390908	
-14.1507411894	0.9243626054	-3.5510222461	-0.4343121988	0.0093606738	0.9007137679	1746.4032619417	-37.0287699610	842.4772462688	43.9877094037	2068.1681148605	-0.2831623325	0.0000000000	0.0000000000	0.0106666667	0.0100000000	2400	1080	0.0000000000	0.0000000000	20.6863586696	63.4955650402	0.9005113833	-0.0190934302	0.4344130402	0.0212641142	0.9997738838	-0.0001368836	
-14.2328972081	0.9112601017	-3.6072118534	-0.4362424907	0.0094987422	0.8997790080	1744.5925693371	-36.9110120492	846.2255832868	43.9998212802	2068.1678160254	-0.5005687479	0.0000000000	0.0000000000	0.0106666667	0.0100000000	2400	1080	0.0000000000	-0.0000000000	20.6863586696	63.4955650402	0.8995777219	-0.0190327098	0.4363458241	0.0212699693	0.9997737393	-0.0002419801	
-14.3124388089	0.9044692038	-3.6469426465	-0.4381548673	0.0097812054	0.8988462829	1742.7839990350	-36.8850320355	849.9451868945	44.2319598799	2068.1627093457	-0.9441833994	0.0000000000	0.0000000000	0.0106666667	0.0100000000	2400	1080	0.0000000000	0.0000000000	20.6863586696	63.4955650402	0.8986451548	-0.0190193135	0.4382637920	0.0213821875	0.9997712707	-0.0004564280	
-14.3834264045	0.8731074400	-3.6945370468	-0.4399972975	0.0101011582	0.8979422837	1741.0320000822	-36.8265955337	853.5307669657	44.4691270149	2068.1573129540	-1.4750262477	0.0000000000	0.0000000000	0.0106666667	0.0100000000	2400	1080	0.0000000000	0.0000000000	20.6863586696	63.4955650402	0.8977417581	-0.0189891815	0.4401126523	0.0214968365	0.9997686620	-0.0007130430	
-14.4664308966	0.8818572465	-3.7395637522	-0.4417448005	0.0102111141	0.8970826408	1739.3627531411	-36.9109665233	856.9236763806	44.6531549708	2068.1532910140	-1.5526443176	0.0000000000	0.0000000000	0.0106666667	0.0100000000	2400	1080	0.0000000000	0.0000000000	20.6863586696	63.4955650402	0.8968810314	-0.0190326863	0.4418621644	0.0215857975	0.9997667178	-0.0007505643	
-14.5386852352	0.8734934280	-3.7832866621	-0.4436025013	0.0105003126	0.8961621306	1737.5798231607	-36.8067293862	860.5376321944	44.8220919502	2068.1492079747	-2.0454124380	0.0000000000	0.0000000000	0.0106666667	0.0100000000	2400	1080	0.0000000000	-0.0000000000	20.6863586696	63.4955650402	0.8959616855	-0.0189789377	0.4437256563	0.0216674634	0.9997647440	-0.0009887736	
-14.6147725092	0.8765693883	-3.8303146162	-0.4454024639	0.0107417921	0.8952660270	1735.8430649405	-36.7569350145	864.0377163250	45.0011185853	2068.1449087576	-2.4260649269	0.0000000000	0.0000000000	0.0106666667	0.0100000000	2400	1080	0.0000000000	-0.0000000000	20.6863586696	63.4955650402	0.8950661475	-0.0189532619	0.4455304317	0.0217540067	0.9997626657	-0.0011727849	
-14.6985478919	0.8764874539	-3.8811037819	-0.4472314827	0.0108153224	0.8943528553	1734.0741550710	-36.6472641176	867.5869964180	44.9694062339	2068.1454832841	-2.5224114339	0.0000000000	0.0000000000	0.0106666667	0.0100000000	2400	1080	0.0000000000	-0.0000000000	20.6863586696	63.4955650402	0.8941540308	-0.0188967114	0.4473605743	0.0217386767	0.9997629435	-0.0012193598	
-14.7863040771	0.8784997273	-3.9353745994	-0.4492844823	0.0109760757	0.8933213194	1732.0730462238	-36.6663196038	871.5744013895	45.1426896852	2068.1414748822	-2.7069401421	0.0000000000	0.0000000000	0.0106666667	0.0100000000	2400	1080	-0.0000000000	0.0000000000	20.6863586696	63.4955650402	0.8931221836	-0.0189065372	0.4494166307	0.0218224437	0.9997610057	-0.0013085629	
-14.8669584723	0.8853971821	-3.9841230258	-0.4512644174	0.0109664545	0.8923229026	1730.1350175622	-36.7195338976	875.4129827924	45.1902481853	2068.1406190862	-2.5634429856	0.0000000000	0.0000000000	0.0106666667	0.0100000000	2400	1080	-0.0000000000	-0.0000000000	20.6863586696	63.4955650402	0.8921228630	-0.0189339765	0.4513959480	0.0218454339	0.9997605920	-0.0012391949	
-14.9460526046	0.8733731339	-4.0273310441	-0.4533624455	0.0110116160	0.8912582327	1728.0678705255	-36.8058623632	879.4828917945	45.3205927266	2068.1378462352	-2.4985855528	0.0000000000	0.0000000000	0.0106666667	0.0100000000	2400	1080	-0.0000000000	-0.0000000000	20.6863586696	63.4955650402	0.8910569640	-0.0189784907	0.4534945466	0.0219084438	0.9997592516	-0.0012078421	
-15.0334726053	0.8325669868	-4.0881548797	-0.4556424782	0.0115277510	0.8900882220	1725.7978254445	-36.8832002131	883.9258389928	45.8869109796	2068.1242430754	-3.2949491163	0.0000000000	0.0000000000	0.0106666667	0.0100000000	2400	1080	-0.0000000000	-0.0000000000	20.6863586696	63.4955650402	0.8898864431	-0.0190183690	0.4557854977	0.0221822080	0.9997526757	-0.0015928125	
-15.1161983062	0.8203647373	-4.1370773507	-0.4579983871	0.0117556170	0.8888752910	1723.4500239221	-36.6807859594	888.5031955993	45.9195174447	2068.1228501279	-3.6911761843	0.0000000000	0.0000000000	0.0106666667	0.0100000000	2400	1080	-0.0000000000	-0.0000000000	20.6863586696	63.4955650402	0.8886758281	-0.0189139966	0.4581457554	0.0221979703	0.9997520023	-0.0017843528	
-15.2099574187	0.7940773909	-4.1929424072	-0.4604132448	0.0121697697	0.8876212823	1721.0192314945	-36.6624583160	893.2032593885	46.3066199446	2068.1129685103	-4.3354946691	0.0000000000	0.0000000000	0.0106666667	0.0100000000	2400	1080	0.0000000000	-0.0000000000	20.6863586696	63.4955650402	0.8874224199	-0.0189045461	0.4605692856	0.0223850996	0.9997472255	-0.0020958230	
-15.3104055860	0.7946912674	-4.2597905522	-0.4628844448	0.0123029607	0.8863332488	1718.5177602998	-36.8059154830	898.0007938334	46.5817334641	2068.1066970546	-4.3797020993	0.0000000000	0.0000000000	0.0106666667	0.0100000000	2400	1080	0.0000000000	-0.0000000000	20.6863586696	63.4955650402	0.8861325670	-0.0189785181	0.4630430753	0.0225180923	0.9997441938	-0.0021171933	
-15.4162344332	0.7790642331	-4.3248529939	-0.4654899798	0.0125834220	0.8849636920	1715.8637793673	-36.7270360101	903.0647867607	46.7901212899	2068.1010715178	-4.7950622046	0.0000000000	0.0000000000	0.0106666667	0.0100000000	2400	1080	-0.0000000000	-0.0000000000	20.6863586696	63.4955650402	0.8847640743	-0.0189378448	0.4656542610	0.0226188292	0.9997414743	-0.0023179827	
-15.5194700193	0.7752830934	-4.3891665594	-0.4680821467	0.0128043518	0.8835921868	1713.2043681535	-36.7121038238	908.1004393670	47.0039099911	2068.0955702604	-5.0690038508	0.0000000000	0.0000000000	0.0106666667	0.0100000000	2400	1080	0.0000000000	0.0000000000	20.6863586696	63.4955650402	0.8833927816	-0.0189301452	0.4682508334	0.0227221768	0.9997388150	-0.0024504090	
-15.6274638453	0.7624926009	-4.4558697067	-0.4706782822	0.0130481880	0.8822084218	1710.5232088250	-36.6146764797	913.1446277252	47.1644360181	2068.0910136043	-5.4245284875	0.0000000000	0.0000000000	0.0106666667	0.0100000000	2400	1080	-0.0000000000	-0.0000000000	20.6863586696	63.4955650402	0.8820102748	-0.0188799080	0.4708518071	0.0227997768	0.9997366122	-0.0026222732	
-15.7373817987	0.7596144101	-4.5256991352	-0.4733944349	0.0132408247	0.8807510372	1707.7014366013	-36.4111522794	918.4189811985	47.1784371997	2068.0898625740	-5.7328410853	0.0000000000	0.0000000000	0.0106666667	0.0100000000	2400	1080	0.0000000000	-0.0000000000	20.6863586696	63.4955650402	0.8805552626	-0.0187749633	0.4735714627	0.0228065451	0.9997360558	-0.0027713147	
-15.8424815443	0.7278408407	-4.5980378274	-0.4761047130	0.0136243458	0.8792830486	1704.8623883093	-36.1140740821	923.6901018131	47.2951109484	2068.0851295734	-6.4357907676	0.0000000000	0.0000000000	0.0106666667	0.0100000000	2400	1080	0.0000000000	0.0000000000	20.6863586696	63.4955650402	0.8790913422	-0.0186217786	0.4762894513	0.0228629464	0.9997337678	-0.0031111279	
-15.9382820850	0.7253923503	-4.6565416076	-0.4787657486	0.0137468556	0.8778350539	1702.0656238133	-35.5993079984	928.8534303694	46.9537434178	2068.0918150702	-6.7779424408	0.0000000000	0.0000000000	0.0106666667	0.0100000000	2400	1080	-0.0000000000	-0.0000000000	20.6863586696	63.4955650402	0.8776492250	-0.0183563457	0.4789518582	0.0226979258	0.9997369997	-0.0032765276	
-16.0316869191	0.7550928777	-4.7164221791	-0.4814001061	0.0136258939	0.8763950438	1699.2765740126	-35.3581693169	933.9552015384	46.6279453903	2068.0999474062	-6.5415848442	0.0000000000	0.0000000000	0.0106666667	0.0100000000	2400	1080	0.0000000000	0.0000000000	20.6863586696	63.4955650402	0.8762110857	-0.0182320055	0.4815825238	0.0225404317	0.9997409309	-0.0031622699	
-16.1115867112	0.7018920029	-4.7745413172	-0.4840100685	0.0143314706	0.8749450626	1696.4737682258	-35.1125415604	939.0459289900	47.1247509334	2068.0843005167	-7.8060163132	0.0000000000	0.0000000000	0.0106666667	0.0100000000	2400	1080	0.0000000000	0.0000000000	20.6863586696	63.4955650402	0.8747658534	-0.0181053506	0.4842074949	0.0227805926	0.9997333671	-0.0037735091	
-16.1954321981	0.6761183693	-4.8299988752	-0.4866054180	0.0146839110	0.8734984544	1693.6715650019	-35.0353997361	944.0935039896	47.4307760559	2068.0752090921	-8.3427277528	0.0000000000	0.0000000000	0.0106666667	0.0100000000	2400	1080	0.0000000000	0.0000000000	20.6863586696	63.4955650402	0.8733209317	-0.0180655734	0.4868102149	0.0229285283	0.9997289722	-0.0040329610	
-16.2842974373	0.6686692091	-4.8894502089	-0.4891039081	0.0149244135	0.8720978322	1690.9573323934	-34.9791394066	948.9484461430	47.6455793198	2068.0689253954	-8.6699867590	0.0000000000	0.0000000000	0.0106666667	0.0100000000	2400	1080	-0.0000000000	0.0000000000	20.6863586696	63.4955650402	0.8719213710	-0.0180365634	0.4893136062	0.0230323664	0.9997259346	-0.0041911614	
-16.3526554558	0.6548613814	-4.9344973455	-0.4915879774	0.0152170941	0.8706949527	1688.2334833897	-35.1699267383	953.7788923127	48.1450889151	2068.0561166943	-8.9609542855	0.0000000000	0.0000000000	0.0106666667	0.0100000000	2400	1080	0.0000000000	0.0000000000	20.6863586696	63.4955650402	0.8705168517	-0.0181349406	0.4918043664	0.0232738346	0.9997197427	-0.0043318181	
-16.4185111862	0.6582767121	-4.9782610628	-0.4939289587	0.0153491653	0.8693667735	1685.6505775500	-35.4724142159	958.3252223755	48.5845658939	2068.0460619300	-8.9093084824	0.0000000000	0.0000000000	0.0106666667	0.0100000000	2400	1080	0.0000000000	0.0000000000	20.6863586696	63.4955650402	0.8691850081	-0.0182909145	0.4941486256	0.0234862823	0.9997148821	-0.0043068520	
-16.4911083610	0.6491714394	-5.0358587663	-0.4962297391	0.0156071255	0.8680509568	1683.0989917178	-35.5067580430	962.7982383749	48.9047341256	2068.0371294433	-9.2254164621	0.0000000000	0.0000000000	0.0106666667	0.0100000000	2400	1080	0.0000000000	0.0000000000	20.6863586696	63.4955650402	0.8678693142	-0.0183086235	0.4964550813	0.0236410549	0.9997105641	-0.0044596619	
-16.5571739392	0.6095342303	-5.0815863803	-0.4985782106	0.0160363793	0.8666963727	1680.4731004887	-35.5700424010	967.3718644986	49.4310068282	2068.0218387279	-9.8285397416	0.0000000000	0.0000000000	0.0106666667	0.0100000000	2400	1080	0.0000000000	0.0000000000	20.6863586696	63.4955650402	0.8665153056	-0.0183412553	0.4988134155	0.0238954606	0.9997031724	-0.0047512179	
-16.6208174369	0.6084843421	-5.1223485344	-0.5008778191	0.0160360054	0.8653694337	1677.8978067791	-35.5987352795	971.8307844777	49.4830304753	2068.0212893962	-9.6812387753	0.0000000000	0.0000000000	0.0106666667	0.0100000000	2400	1080	0.0000000000	-0.0000000000	20.6863586696	63.4955650402	0.8651873871	-0.0183560504	0.5011126028	0.0239206094	0.9997029068	-0.0046800111	
-16.6756946796	0.5946442127	-5.1664355676	-0.5032007324	0.0162839031	0.8640161211	1675.2698062427	-35.7856089498	976.3472026332	49.9392920423	2068.0093302694	-9.8907590252	0.0000000000	0.0000000000	0.0106666667	0.0100000000	2400	1080	0.0000000000	-0.0000000000	20.6863586696	63.4955650402	0.8638322909	-0.0184524095	0.5034414383	0.0241411709	0.9996971257	-0.0047812953	
-16.7370470682	0.5652250398	-5.2113559688	-0.5055349284	0.0165231778	0.8626479124	1672.6135924963	-35.9400924457	980.8850460464	50.3583826473	2067.9981603646	-10.0991143568	0.0000000000	0.0000000000	0.0106666667	0.0100000000	2400	1080	0.0000000000	0.0000000000	20.6863586696	63.4955650402	0.8624626469	-0.0185320671	0.5057813215	0.0243437637	0.9996917260	-0.0048820165	
-16.7928971669	0.5196599215	-5.2558035171	-0.5078912130	0.0171015452	0.8612514458	1669.9030419605	-36.2106433675	985.4826296612	51.2423942864	2067.9726692555	-10.8446450037	0.0000000000	0.0000000000	0.0106666667	0.0100000000	2400	1080	0.0000000000	0.0000000000	20.6863586696	63.4955650402	0.8610649848	-0.0186715733	0.5081520090	0.0247711040	0.9996794034	-0.0052424137	
-16.8559151632	0.5097132077	-5.3007313458	-0.5103324235	0.0174280154	0.8598006058	1667.0881296397	-36.3370141164	990.2323883945	51.7337301781	2067.9584836889	-11.2107531506	0.0000000000	0.0000000000	0.0106666667	0.0100000000	2400	1080	-0.0000000000	0.0000000000	20.6863586696	63.4955650402	0.8596135099	-0.0187367348	0.5106011637	0.0250086209	0.9996725459	-0.0054193942	
-16.9301299190	0.4639755683	-5.3615930163	-0.5127544555	0.0178721125	0.8583492622	1664.2734454310	-36.4684595882	994.9509253698	52.3568535932	2067.9396309520	-11.7810315669	0.0000000000	0.0000000000	0.0106666667	0.0100000000	2400	1080	0.0000000000	0.0000000000	20.6863586696	63.4955650402	0.8581621526	-0.0188045131	0.5130342193	0.0253098452	0.9996634323	-0.0056950727	
-16.9965830954	0.4362506514	-5.4115205305	-0.5153176634	0.0183189650	0.8568034321	1661.2760054018	-36.5837464574	999.9435268941	52.9738773103	2067.9205812914	-12.3526466411	0.0000000000	0.0000000000	0.0106666667	0.0100000000	2400	1080	0.0000000000	0.0000000000	20.6863586696	63.4955650402	0.8566165594	-0.0188639593	0.5156085929	0.0256081209	0.9996542235	-0.0059713973	
-17.0660034246	0.4447693454	-5.4565217483	-0.5178613140	0.0183688356	0.8552673531	1658.2974377180	-36.5243058262	1004.8775929176	53.0095762234	2067.9198836822	-12.3162326011	0.0000000000	0.0000000000	0.0106666667	0.0100000000	2400	1080	0.0000000000	0.0000000000	20.6863586696	63.4955650402	0.8550806976	-0.0188333095	0.5181527835	0.0256253781	0.9996538863	-0.0059537944	
-17.1240803874	0.4301131159	-5.4962599382	-0.5203639659	0.0186303427	0.8537413269	1655.3308050931	-36.8537734364	1009.7450760956	53.6271853519	2067.9032217745	-12.4394714836	0.0000000000	0.0000000000	0.0106666667	0.0100000000	2400	1080	0.0000000000	-0.0000000000	20.6863586696	63.4955650402	0.8535509900	-0.0190031954	0.5206626414	0.0259239367	0.9996458317	-0.0060133693	
-17.1789748121	0.4206691166	-5.5394279218	-0.5228673881	0.0188633404	0.8522052974	1652.3498529476	-36.9719898581	1014.6114670336	54.0231328905	2067.8917818519	-12.6265492924	0.0000000000	0.0000000000	0.0106666667	0.0100000000	2400	1080	0.0000000000	-0.0000000000	20.6863586696	63.4955650402	0.8520138986	-0.0190641523	0.5231719361	0.0261153419	0.9996403016	-0.0061038047	
-17.2348442384	0.4356870379	-5.5867392678	-0.5253176506	0.0189290042	0.8506956323	1649.4226619859	-36.9146606906	1019.3652846548	54.0786243833	2067.8903794857	-12.6186726940	0.0000000000	0.0000000000	0.0106666667	0.0100000000	2400	1080	0.0000000000	-0.0000000000	20.6863586696	63.4955650402	0.8505045286	-0.0190345912	0.5256231837	0.0261421670	0.9996396236	-0.0060999971	
-17.2887634331	0.4158097989	-5.6274460818	-0.5276571391	0.0193349085	0.8492373666	1646.6053169336	-36.6300419479	1023.9201940966	54.2986704877	2067.8800677471	-13.3427839215	0.0000000000	0.0000000000	0.0106666667	0.0100000000	2400	1080	0.0000000000	-0.0000000000	20.6863586696	63.4955650402	0.8490517992	-0.0188878310	0.5279718668	0.0262485396	0.9996346388	-0.0064500399	
-17.3384815600	0.3794319771	-5.6714801775	-0.5299717249	0.0197092161	0.8477862452	1643.7977946539	-36.4928405039	1028.4262134392	54.6214429471	2067.8677061608	-13.9283119060	0.0000000000	0.0000000000	0.0106666667	0.0100000000	2400	1080	0.0000000000	0.0000000000	20.6863586696	63.4955650402	0.8476041348	-0.0188170848	0.5302953403	0.0264045712	0.9996286631	-0.0067330902	
-17.3793397614	0.3895279250	-5.7013698929	-0.5322898098	0.0198651274	0.8463290938	1640.9710325062	-36.5364471879	1032.9291128187	54.8705351388	2067.8604458439	-14.0267948202	0.0000000000	0.0000000000	0.0106666667	0.0100000000	2400	1080	-0.0000000000	0.0000000000	20.6863586696	63.4955650402	0.8461465497	-0.0188395701	0.5326172050	0.0265249849	0.9996251534	-0.0067806979	
-17.4176981127	0.3823808895	-5.7346861854	-0.5345707691	0.0199952364	0.8448871424	1638.1670596655	-36.8183846783	1037.3603447127	55.3062881946	2067.8493899518	-13.9450725010	0.0000000000	0.0000000000	0.0106666667	0.0100000000	2400	1080	0.0000000000	-0.0000000000	20.6863586696	63.4955650402	0.8447007155	-0.0189849477	0.5349021153	0.0267356324	0.9996198089	-0.0067411925	
-17.4561319932	0.3667008106	-5.7689873648	-0.5367015060	0.0202841647	0.8435283316	1635.5305122892	-36.9492121984	1041.5076056826	55.7800737253	2067.8346930237	-14.2343172636	0.0000000000	0.0000000000	0.0106666667	0.0100000000	2400	1080	0.0000000000	0.0000000000	20.6863586696	63.4955650402	0.8433412123	-0.0190524073	0.5370405995	0.0269646653	0.9996127042	-0.0068810164	
-17.4965264628	0.3613873068	-5.8048377902	-0.5387067347	0.0204379038	0.8422454192	1633.0376325822	-37.1466633647	1045.4049978726	56.1626600573	2067.8241900696	-14.2556888134	0.0000000000	0.0000000000	0.0106666667	0.0100000000	2400	1080	-0.0000000000	-0.0000000000	20.6863586696	63.4955650402	0.8420557895	-0.0191542205	0.5390502419	0.0271496115	0.9996076270	-0.0068913476	
-17.5300735581	0.3332516743	-5.8356101923	-0.5408860863	0.0209082348	0.8408359455	1630.3083154596	-37.1659838788	1049.6556005622	56.7434036328	2067.8036733450	-14.9165924457	0.0000000000	0.0000000000	0.0106666667	0.0100000000	2400	1080	0.0000000000	-0.0000000000	20.6863586696	63.4955650402	0.8406484506	-0.0191641829	0.5412420129	0.0274303489	0.9995977090	-0.0072108353	
-17.5679911542	0.3281489967	-5.8677467701	-0.5427219936	0.0211255142	0.8396466818	1627.9897451891	-37.6614889466	1053.2304569349	57.4638710969	2067.7840223163	-14.8825621791	0.0000000000	0.0000000000	0.0106666667	0.0100000000	2400	1080	0.0000000000	-0.0000000000	20.6863586696	63.4955650402	0.8394529084	-0.0194196840	0.5430853437	0.0277786304	0.9995882095	-0.0071943847	
-17.6043386635	0.3041944269	-5.9045113464	-0.5443898960	0.0214619924	0.8385577046	1625.8721570076	-37.9832960759	1056.4849227002	58.1604874209	2067.7624973042	-15.1645155002	0.0000000000	0.0000000000	0.0106666667	0.0100000000	2400	1080	0.0000000000	-0.0000000000	20.6863586696	63.4955650402	0.8383610000	-0.0195856199	0.5447634690	0.0281153819	0.9995778041	-0.0073306838	
-17.6328964946	0.2823135467	-5.9326930831	-0.5460209906	0.0219595566	0.8374836451	1623.7910252931	-38.1225740083	1059.6757849147	58.8768454785	2067.7372249961	-15.8314723567	0.0000000000	0.0000000000	0.0106666667	0.0100000000	2400	1080	0.0000000000	-0.0000000000	20.6863586696	63.4955650402	0.8372878900	-0.0196574369	0.5464087978	0.0284616768	0.9995655872	-0.0076530977	
-17.6610327737	0.2806568317	-5.9576867086	-0.5473210108	0.0220916084	0.8366311445	1622.1219340388	-38.7009680922	1062.2081056860	59.5672754938	2067.7189805962	-15.6303249325	0.0000000000	0.0000000000	0.0106666667	0.0100000000	2400	1080	0.0000000000	-0.0000000000	20.6863586696	63.4955650402	0.8364272436	-0.0199556787	0.5477145579	0.0287954378	0.9995567676	-0.0075558609	
-17.6849262441	0.3059094572	-5.9800101911	-0.5483762139	0.0221360378	0.8359387082	1620.7717257807	-38.9439351130	1064.2583222290	59.8540856638	2067.7117568940	-15.4896390090	0.0000000000	0.0000000000	0.0106666667	0.0100000000	2400	1080	-0.0000000000	0.0000000000	20.6863586696	63.4955650402	0.8357310253	-0.0200809616	0.5487717269	0.0289340848	0.9995532756	-0.0074878519	
-17.7068345143	0.2741076532	-5.9956906979	-0.5492804780	0.0226174174	0.8353319154	1619.5887635291	-39.3700441116	1066.0420396415	60.7980502854	2067.6802828145	-16.0060996745	0.0000000000	0.0000000000	0.0106666667	0.0100000000	2400	1080	0.0000000000	-0.0000000000	20.6863586696	63.4955650402	0.8351210454	-0.0203006795	0.5496914789	0.0293904071	0.9995380607	-0.0077375143	
